directors,rate,cover_x,star,title,url,casts,cover,id,cover_y
['郭帆'],7.9,1786,40,流浪地球,https://movie.douban.com/subject/26266893/,"['屈楚萧', '吴京', '李光洁', '吴孟达', '赵今麦']",https://img3.doubanio.com/view/photo/s_ratio_poster/public/p2545472803.jpg,26266893,2500
['詹姆斯·卡梅隆'],9.4,2015,45,泰坦尼克号,https://movie.douban.com/subject/1292722/,"['莱昂纳多·迪卡普里奥', '凯特·温丝莱特', '比利·赞恩', '凯西·贝茨', '弗兰西丝·费舍']",https://img3.doubanio.com/view/photo/s_ratio_poster/public/p457760035.jpg,1292722,3000
['延尚昊'],8.4,1500,40,釜山行,https://movie.douban.com/subject/25986180/,"['孔侑', '郑有美', '马东锡', '金秀安', '金义城']",https://img1.doubanio.com/view/photo/s_ratio_poster/public/p2360940399.jpg,25986180,2145
['罗兰·艾默里奇'],7.8,3365,40,2012,https://movie.douban.com/subject/3005875/,"['约翰·库萨克', '切瓦特·埃加福特', '阿曼达·皮特', '坦迪·牛顿', '丹尼·格洛弗']",https://img1.doubanio.com/view/photo/s_ratio_poster/public/p505238859.jpg,3005875,5000
['冯小刚'],7.6,1432,40,唐山大地震,https://movie.douban.com/subject/3596502/,"['徐帆', '张静初', '李晨', '陈道明', '张子枫']",https://img3.doubanio.com/view/photo/s_ratio_poster/public/p545837150.jpg,3596502,2000
['罗兰·艾默里奇'],8.2,1359,40,后天,https://movie.douban.com/subject/1308779/,"['丹尼斯·奎德', '杰克·吉伦哈尔', '埃米·罗森', '达什·米霍克', '杰伊·桑德斯']",https://img1.doubanio.com/view/photo/s_ratio_poster/public/p2209602029.jpg,1308779,1986
['阿方索·卡隆'],7.9,690,40,地心引力,https://movie.douban.com/subject/3793783/,"['桑德拉·布洛克', '乔治·克鲁尼', '艾德·哈里斯', '奥托·伊格内修森', '法尔杜特·夏尔马']",https://img3.doubanio.com/view/photo/s_ratio_poster/public/p2159078612.jpg,3793783,1000
['奉俊昊'],7.4,4134,35,雪国列车,https://movie.douban.com/subject/3071441/,"['克里斯·埃文斯', '杰米·贝尔', '宋康昊', '蒂尔达·斯文顿', '艾德·哈里斯']",https://img3.doubanio.com/view/photo/s_ratio_poster/public/p2173648321.jpg,3071441,5906
['罗兰·艾默里奇'],8.0,525,40,独立日,https://movie.douban.com/subject/1293013/,"['威尔·史密斯', '比尔·普尔曼', '杰夫·高布伦', '玛丽·麦克唐纳', '贾德·赫希']",https://img3.doubanio.com/view/photo/s_ratio_poster/public/p453518655.jpg,1293013,755
['奉俊昊'],7.4,900,35,汉江怪物,https://movie.douban.com/subject/1763134/,"['宋康昊', '朴海日', '裴斗娜', '高雅星', '李在应']",https://img1.doubanio.com/view/photo/s_ratio_poster/public/p452546089.jpg,1763134,1283
['冯小刚'],7.6,1029,40,一九四二,https://movie.douban.com/subject/6011805/,"['张国立', '张默', '徐帆', '李雪健', '陈道明']",https://img1.doubanio.com/view/photo/s_ratio_poster/public/p1767278057.jpg,6011805,1440
['加里斯·爱德华斯'],6.5,1772,35,哥斯拉,https://movie.douban.com/subject/2063914/,"['亚伦·泰勒-约翰逊', '卡梅隆·CJ·亚当斯', '渡边谦', '布莱恩·科兰斯顿', '伊丽莎白·奥尔森']",https://img3.doubanio.com/view/photo/s_ratio_poster/public/p2185227574.jpg,2063914,2631
['迈克尔·道赫蒂'],6.3,1500,30,哥斯拉2：怪兽之王,https://movie.douban.com/subject/25890017/,"['凯尔·钱德勒', '维拉·法米加', '米莉·波比·布朗', '章子怡', '渡边谦']",https://img3.doubanio.com/view/photo/s_ratio_poster/public/p2554370800.jpg,25890017,2150
['布拉德·佩顿'],7.0,4465,35,末日崩塌,https://movie.douban.com/subject/25786077/,"['道恩·强森', '亚历珊德拉·达达里奥', '卡拉·古奇诺', '雨果·约翰斯通-伯特', '雅奇·潘嘉比']",https://img3.doubanio.com/view/photo/s_ratio_poster/public/p2247341513.jpg,25786077,6354
['陈国辉'],6.7,1429,35,烈火英雄,https://movie.douban.com/subject/30221757/,"['黄晓明', '杜江', '谭卓', '杨紫', '欧豪']",https://img3.doubanio.com/view/photo/s_ratio_poster/public/p2563630521.jpg,30221757,2000
['金成勋'],7.8,2500,40,隧道,https://movie.douban.com/subject/26410594/,"['河正宇', '吴达洙', '裴斗娜', '南志铉', '金成圭']",https://img3.doubanio.com/view/photo/s_ratio_poster/public/p2358109451.jpg,26410594,3571
['彼得·博格'],6.6,1464,35,超级战舰,https://movie.douban.com/subject/3742937/,"['泰勒·克奇', '亚历山大·斯卡斯加德', '蕾哈娜', '布鲁克琳·黛克', '浅野忠信']",https://img3.doubanio.com/view/photo/s_ratio_poster/public/p1505422082.jpg,3742937,2100
"['佐米·希尔拉', '杰夫·瓦德洛']",7.5,5906,40,空中营救,https://movie.douban.com/subject/10598440/,"['连姆·尼森', '朱丽安·摩尔', '斯科特·麦克纳里', '米歇尔·道克瑞', '内特·派克']",https://img3.doubanio.com/view/photo/s_ratio_poster/public/p2199638985.jpg,10598440,8424
['亚历克斯·普罗亚斯'],6.7,4000,35,神秘代码,https://movie.douban.com/subject/2354729/,"['尼古拉斯·凯奇', '钱德勒·坎特布瑞', '萝丝·拜恩', 'D.G. Maloney', 'John DeVito']",https://img3.doubanio.com/view/photo/s_ratio_poster/public/p2207854660.jpg,2354729,6000
['罗兰·艾默里奇'],7.3,3000,35,惊天危机,https://movie.douban.com/subject/10746175/,"['查宁·塔图姆', '杰米·福克斯', '玛吉·吉伦哈尔', '杰森·克拉克', '理查德·詹金斯']",https://img1.doubanio.com/view/photo/s_ratio_poster/public/p2039109399.jpg,10746175,4286
['罗兰·艾默里奇'],5.6,1500,30,独立日2：卷土重来,https://movie.douban.com/subject/4811813/,"['利亚姆·海姆斯沃斯', '杰夫·高布伦', '比尔·普尔曼', '麦卡·梦露', '杰西·厄舍']",https://img1.doubanio.com/view/photo/s_ratio_poster/public/p2362976267.jpg,4811813,2261
['金成洙'],7.9,2000,40,流感,https://movie.douban.com/subject/10432911/,"['张赫', '秀爱', '朴敏荷', '柳海真', '李熙俊']",https://img1.doubanio.com/view/photo/s_ratio_poster/public/p2029391129.jpg,10432911,2865
['迪安·德夫林'],6.0,3440,30,全球风暴,https://movie.douban.com/subject/22266012/,"['杰拉德·巴特勒', '吉姆·斯特吉斯', '艾比·考尼什', '亚历山德拉·玛丽亚·拉娜', '吴彦祖']",https://img3.doubanio.com/view/photo/s_ratio_poster/public/p2501769525.jpg,22266012,5000
['罗兰·艾默里奇'],7.1,1516,35,哥斯拉,https://movie.douban.com/subject/1295292/,"['马修·布罗德里克', '让·雷诺', '玛丽亚·皮提罗', '汉克·阿扎利亚', '凯文·杜恩']",https://img3.doubanio.com/view/photo/s_ratio_poster/public/p1583456026.jpg,1295292,2222
['史蒂文·斯皮尔伯格'],6.6,2437,35,世界之战,https://movie.douban.com/subject/1309044/,"['汤姆·克鲁斯', '达科塔·范宁', '米兰达·奥图', '贾斯汀·查特文', '蒂姆·罗宾斯']",https://img3.doubanio.com/view/photo/s_ratio_poster/public/p2243507786.jpg,1309044,3600
['吴宇森'],6.6,5000,35,太平轮(下)·彼岸,https://movie.douban.com/subject/25956520/,"['章子怡', '金城武', '宋慧乔', '黄晓明', '佟大为']",https://img1.doubanio.com/view/photo/s_ratio_poster/public/p2258079139.jpg,25956520,7000
['郭子健'],7.2,1215,35,救火英雄,https://movie.douban.com/subject/20443013/,"['谢霆锋', '余文乐', '任达华', '胡军', '白冰']",https://img3.doubanio.com/view/photo/s_ratio_poster/public/p2163316626.jpg,20443013,1800
['马特·里夫斯'],7.3,1013,35,科洛弗档案,https://movie.douban.com/subject/2144242/,"['丽兹·卡潘', '杰西卡·卢卡斯', 'T·J·米勒', '迈克尔·斯塔尔·大卫', '迈克·沃格尔']",https://img1.doubanio.com/view/photo/s_ratio_poster/public/p1334135449.jpg,2144242,1500
['迈克尔·贝'],7.8,1361,40,世界末日,https://movie.douban.com/subject/1292769/,"['布鲁斯·威利斯', '本·阿弗莱克', '丽芙·泰勒', '威廉·菲德内尔', '比利·鲍伯·松顿']",https://img3.doubanio.com/view/photo/s_ratio_poster/public/p686635022.jpg,1292769,2000
['阿方索·卡隆'],7.5,1009,40,人类之子,https://movie.douban.com/subject/1478064/,"['克里夫·欧文', '朱丽安·摩尔', '迈克尔·凯恩', '克莱尔-霍普·阿什蒂', '查理·汉纳姆']",https://img3.doubanio.com/view/photo/s_ratio_poster/public/p1971393744.jpg,1478064,1500
['朴正祐'],6.7,1055,35,铁线虫入侵,https://movie.douban.com/subject/6839145/,"['金明民', '金烔完', '文晶熙', '李荷妮', '郭仁俊']",https://img3.doubanio.com/view/photo/s_ratio_poster/public/p1588680264.jpg,6839145,1512
['胡安·安东尼奥·巴亚纳'],7.6,5906,40,海啸奇迹,https://movie.douban.com/subject/4832825/,"['娜奥米·沃茨', '伊万·麦克格雷格', '汤姆·赫兰德', '萨缪尔·乔斯林', '奥克利·佩德加斯特']",https://img3.doubanio.com/view/photo/s_ratio_poster/public/p2098048916.jpg,4832825,8268
['路易斯·罗沙'],6.6,1500,35,狂蟒之灾,https://movie.douban.com/subject/1300830/,"['詹妮弗·洛佩兹', '艾斯·库珀', '强·沃特', '埃里克·斯托尔兹', '乔纳森·海德']",https://img1.doubanio.com/view/photo/s_ratio_poster/public/p1261715918.jpg,1300830,2232
['托尼·斯科特'],7.7,2025,40,危情时速,https://movie.douban.com/subject/3011459/,"['丹泽尔·华盛顿', '克里斯·派恩', '罗莎里奥·道森', '伊桑·苏普利', '凯文·杜恩']",https://img3.doubanio.com/view/photo/s_ratio_poster/public/p1515352146.jpg,3011459,3000
['约瑟夫·科辛斯基'],8.4,2025,40,勇往直前,https://movie.douban.com/subject/26718828/,"['乔什·布洛林', '迈尔斯·特勒', '杰夫·布里吉斯', '詹妮弗·康纳利', '詹姆斯·戴尔']",https://img1.doubanio.com/view/photo/s_ratio_poster/public/p2506348908.jpg,26718828,3000
"['彭发', '彭顺']",6.7,5026,35,逃出生天,https://movie.douban.com/subject/10763157/,"['古天乐', '刘青云', '陈思诚', '李心洁', '李馨巧']",https://img1.doubanio.com/view/photo/s_ratio_poster/public/p2147894527.jpg,10763157,7000
['彼得·博格'],7.0,701,35,深海浩劫,https://movie.douban.com/subject/22266320/,"['马克·沃尔伯格', '迪伦·奥布莱恩', '约翰·马尔科维奇', '库尔特·拉塞尔', '吉娜·罗德里格兹']",https://img3.doubanio.com/view/photo/s_ratio_poster/public/p2396092735.jpg,22266320,1000
['斯蒂芬·索莫斯'],7.5,450,40,极度深寒,https://movie.douban.com/subject/1293515/,"['特里特·威廉斯', '法米克·詹森', '安东尼·希尔德', '凯文·J·奥康纳', '韦斯·斯塔迪']",https://img3.doubanio.com/view/photo/s_ratio_poster/public/p1261755612.jpg,1293515,668
['斯科特·德瑞克森'],5.7,945,30,地球停转之日,https://movie.douban.com/subject/2225321/,"['基努·里维斯', '詹妮弗·康纳利', '贾登·史密斯', '约翰·克立斯', '凯西·贝茨']",https://img3.doubanio.com/view/photo/s_ratio_poster/public/p2162954650.jpg,2225321,1400
['李相槿'],7.6,1000,40,极限逃生,https://movie.douban.com/subject/30210691/,"['曹政奭', '林允儿', '高斗心', '朴仁焕', '金智英']",https://img3.doubanio.com/view/photo/s_ratio_poster/public/p2563546656.jpg,30210691,1425
"['科林·施特劳斯', '格雷格·施特劳斯']",4.6,486,25,天际浩劫,https://movie.douban.com/subject/4919019/,"['艾里克·巴弗尔', '斯考蒂·汤姆森', '布兰特妮·丹尼尔', '克里斯塔尔·里德', '尼尔·霍普金斯']",https://img3.doubanio.com/view/photo/s_ratio_poster/public/p678366194.jpg,4919019,720
['保罗·安德森'],6.1,4907,30,庞贝末日,https://movie.douban.com/subject/2083735/,"['基特·哈灵顿', '凯瑞-安·莫斯', '艾米莉·布朗宁', '阿德沃尔·阿吉纽依-艾格拜吉', '杰西卡·卢卡斯']",https://img3.doubanio.com/view/photo/s_ratio_poster/public/p2193387860.jpg,2083735,7000
['史蒂文·索德伯格'],6.4,2700,30,传染病,https://movie.douban.com/subject/4301043/,"['玛丽昂·歌迪亚', '马特·达蒙', '劳伦斯·菲什伯恩', '裘德·洛', '格温妮斯·帕特洛']",https://img3.doubanio.com/view/photo/s_ratio_poster/public/p1213203384.jpg,4301043,3991
['米密·莱德'],7.1,1200,35,天地大冲撞,https://movie.douban.com/subject/1293131/,"['伊利亚·伍德', '瓦妮莎·雷德格瑞夫', '摩根·弗里曼', '罗伯特·杜瓦尔', '蒂娅·里欧妮']",https://img1.doubanio.com/view/photo/s_ratio_poster/public/p2172256449.jpg,1293131,1768
['约翰·希尔寇特'],7.7,465,40,末日危途,https://movie.douban.com/subject/2252773/,"['维果·莫腾森', '柯蒂·斯密特-麦菲', '罗伯特·杜瓦尔', '查理兹·塞隆', '盖·皮尔斯']",https://img3.doubanio.com/view/photo/s_ratio_poster/public/p558951755.jpg,2252773,686
['罗伯特·泽米吉斯'],7.3,2430,35,迫降航班,https://movie.douban.com/subject/6390832/,"['丹泽尔·华盛顿', '詹姆斯·戴尔', '约翰·古德曼', '唐·钱德尔', '凯利·蕾莉']",https://img3.doubanio.com/view/photo/s_ratio_poster/public/p1884921666.jpg,6390832,3600
['沃尔夫冈·彼德森'],6.7,1015,35,海神号,https://movie.douban.com/subject/1473795/,"['乔什·卢卡斯', '库尔特·拉塞尔', '杰茜达·芭瑞特', '埃米·罗森', '弗莱迪·罗德里格兹']",https://img3.doubanio.com/view/photo/s_ratio_poster/public/p914223313.jpg,1473795,1500
"['庵野秀明', '樋口真嗣']",6.7,4127,35,新哥斯拉,https://movie.douban.com/subject/26279124/,"['长谷川博己', '竹野内丰', '石原里美', '高良健吾', '大杉涟']",https://img1.doubanio.com/view/photo/s_ratio_poster/public/p2371512648.jpg,26279124,5839
['金志勋'],7.5,700,40,摩天楼,https://movie.douban.com/subject/5968834/,"['金相庆', '薛耿求', '孙艺珍', '都枝寒', '金仁权']",https://img3.doubanio.com/view/photo/s_ratio_poster/public/p1803259636.jpg,5968834,998
['德怀特·H·里特'],6.3,714,30,狂蟒之灾2,https://movie.douban.com/subject/1308784/,"['约翰尼·梅辛纳', '卡迪·斯特瑞兰德', '马修·马斯登', '尼古拉斯·冈萨雷斯', '莎莉·理查德森']",https://img1.doubanio.com/view/photo/s_ratio_poster/public/p1513060089.jpg,1308784,1024
['沃尔夫冈·彼德森'],7.6,1381,40,完美风暴,https://movie.douban.com/subject/1293815/,"['乔治·克鲁尼', '马克·沃尔伯格', '约翰·C·赖利', '戴安·琳恩', '威廉·菲德内尔']",https://img3.doubanio.com/view/photo/s_ratio_poster/public/p2164583922.jpg,1293815,2048
['扬·德·邦特'],7.3,1000,35,龙卷风,https://movie.douban.com/subject/1292454/,"['海伦·亨特', '比尔·帕克斯顿', '加利·艾尔维斯', '杰米·格尔兹', '菲利普·塞默·霍夫曼']",https://img3.doubanio.com/view/photo/s_ratio_poster/public/p1111200030.jpg,1292454,1500
['朴正祐'],7.6,1741,40,潘多拉,https://movie.douban.com/subject/26169607/,"['金南佶', '金珠贤', '郑镇荣', '金英爱', '文晶熙']",https://img3.doubanio.com/view/photo/s_ratio_poster/public/p2404938183.jpg,26169607,2495
['尹齐均'],6.6,1000,35,海云台,https://movie.douban.com/subject/2364074/,"['薛耿求', '河智苑', '朴重勋', '严正化', '李民基']",https://img3.doubanio.com/view/photo/s_ratio_poster/public/p1360132642.jpg,2364074,1429
['保罗·格林格拉斯'],7.8,2025,40,93航班,https://movie.douban.com/subject/1588945/,"['J.J. Johnson', 'Gary Commock', 'Polly Adams', '奥珀尔·阿兰丁', 'Starla Benford']",https://img3.doubanio.com/view/photo/s_ratio_poster/public/p455571064.jpg,1588945,3000
['达伦·阿伦诺夫斯基'],5.8,509,30,诺亚方舟：创世之旅,https://movie.douban.com/subject/6959152/,"['罗素·克劳', '詹妮弗·康纳利', '雷·温斯顿', '安东尼·霍普金斯', '艾玛·沃森']",https://img1.doubanio.com/view/photo/s_ratio_poster/public/p2169342617.jpg,6959152,755
['林黎胜'],4.9,1100,25,百万巨鳄,https://movie.douban.com/subject/10527288/,"['徐熙媛', '郭涛', '林雪', '石兆琪', '蒲巴甲']",https://img3.doubanio.com/view/photo/s_ratio_poster/public/p1579831235.jpg,10527288,1547
['史蒂文·奎里 '],6.7,3420,35,不惧风暴,https://movie.douban.com/subject/7065187/,"['理查德·阿米蒂奇', '莎拉·韦恩·卡丽丝', '马特·沃尔什', '马克斯·迪肯', '内森·克莱斯']",https://img3.doubanio.com/view/photo/s_ratio_poster/public/p2196783192.jpg,7065187,5000
['小野败仔'],8.0,449,40,切尔诺贝利之春,https://movie.douban.com/subject/30206517/,"['于越', '冷泉夜月']",https://img3.doubanio.com/view/photo/s_ratio_poster/public/p2520682504.jpg,30206517,600
['奥利佛·斯通'],6.5,2133,35,世贸中心,https://movie.douban.com/subject/1478063/,"['尼古拉斯·凯奇', '玛丽亚·贝罗', '康勒·帕奥罗', '摩根·弗林恩', '迈克尔·佩纳']",https://img3.doubanio.com/view/photo/s_ratio_poster/public/p2535495645.jpg,1478063,3000
['泽维尔·吉恩斯'],6.6,1012,35,隔绝,https://movie.douban.com/subject/4846693/,"['劳伦·日尔曼', '迈克尔·比恩', '米洛·文堤米利亚', '考特尼·万斯', '艾什顿·霍尔姆斯']",https://img1.doubanio.com/view/photo/s_ratio_poster/public/p1482124699.jpg,4846693,1500
['樋口真嗣'],6.4,874,30,日本沉没,https://movie.douban.com/subject/1788431/,"['草彅刚', '柴崎幸', '丰川悦司', '大地真央', '福田麻由子']",https://img3.doubanio.com/view/photo/s_ratio_poster/public/p656803775.jpg,1788431,1240
['丹尼·博伊尔'],6.9,1020,35,太阳浩劫,https://movie.douban.com/subject/1849371/,"['基里安·墨菲', '杨紫琼', '特洛伊·格雷提', '萝丝·拜恩', '真田广之']",https://img1.doubanio.com/view/photo/s_ratio_poster/public/p2196599208.jpg,1849371,1512
['乔治 P·科斯马图斯'],8.3,1067,40,卡桑德拉大桥,https://movie.douban.com/subject/1298917/,"['索菲娅·罗兰', '理查德·哈里斯', '马丁·辛', 'O·J·辛普森', '莱昂内尔·斯坦德']",https://img1.doubanio.com/view/photo/s_ratio_poster/public/p1971441788.jpg,1298917,1600
"['尼古拉·列别捷夫', '尼古拉·列别捷夫']",7.7,1500,40,火海凌云,https://movie.douban.com/subject/26367579/,"['丹尼拉·科兹洛夫斯基', '弗拉基米尔·马什科夫', '阿格尼·格鲁迪特', '谢尔盖·加扎罗夫', '凯特丽娜·斯皮茨']",https://img3.doubanio.com/view/photo/s_ratio_poster/public/p2372484932.jpg,26367579,2100
['大卫·R·艾里斯'],6.1,1012,30,航班蛇患,https://movie.douban.com/subject/1482080/,"['塞缪尔·杰克逊', '朱丽安娜· 玛格丽丝', '雷切尔·布兰卡德', '丽莎·玛丽·卡鲁克', '内森·菲利普斯']",https://img1.doubanio.com/view/photo/s_ratio_poster/public/p643537929.jpg,1482080,1500
['亚历山大·阿嘉'],5.9,8763,30,巨鳄风暴,https://movie.douban.com/subject/30210700/,"['卡雅·斯考达里奥', '巴里·佩珀', '罗斯·安德森', '安森·布恩', '乔治·索纳']",https://img3.doubanio.com/view/photo/s_ratio_poster/public/p2568264291.jpg,30210700,12472
['金波·兰道'],5.4,4296,25,大海啸之鲨口逃生,https://movie.douban.com/subject/3735015/,"['沙妮·文森', '泽维尔·塞缪尔', '朱利安·麦克马洪', '菲比·托金', '戚玉武']",https://img3.doubanio.com/view/photo/s_ratio_poster/public/p1712836294.jpg,3735015,6000
['巴塔萨·科马库'],6.8,1000,35,惊涛飓浪,https://movie.douban.com/subject/26937563/,"['山姆·克拉弗林', '谢琳·伍德蕾', '杰弗瑞·托马斯', '伊丽莎白·霍桑', '格蕾丝·帕尔默']",https://img3.doubanio.com/view/photo/s_ratio_poster/public/p2541197052.jpg,26937563,1400
['沃尔夫冈·彼德森'],7.6,995,40,极度恐慌,https://movie.douban.com/subject/1301419/,"['达斯汀·霍夫曼', '蕾妮·罗素', '摩根·弗里曼', '凯文·史派西', '小库珀·古丁']",https://img1.doubanio.com/view/photo/s_ratio_poster/public/p2192051048.jpg,1301419,1500
"['周文武贝', '威克·考撒亚南达']",3.4,4921,15,绝命航班,https://movie.douban.com/subject/25715111/,"['爱德·维斯特维克', '朱珠', '艾米丽·桑斯芮', '辜承', '亚历山大·威特斯']",https://img3.doubanio.com/view/photo/s_ratio_poster/public/p2173238135.jpg,25715111,7000
['M·奈特·沙马兰'],6.0,1094,30,灭顶之灾,https://movie.douban.com/subject/2073674/,"['马克·沃尔伯格', '佐伊·丹斯切尔', '约翰·雷吉扎莫', '阿什琳·桑切兹', '贝蒂·巴克利']",https://img3.doubanio.com/view/photo/s_ratio_poster/public/p917550930.jpg,2073674,1500
['J·C·尚多尔'],7.7,900,40,一切尽失,https://movie.douban.com/subject/10484601/,['罗伯特·雷德福'],https://img3.doubanio.com/view/photo/s_ratio_poster/public/p2153382561.jpg,10484601,1333
['安东·梅格尔季切夫'],6.9,4465,35,夺命地铁,https://movie.douban.com/subject/20497633/,"['谢尔盖·普斯科帕里斯', '阿纳托利·比利', '斯维特拉纳·库德钦科娃', '安菲萨·梅德韦迭娃', '亚力克萨·巴杜科夫']",https://img1.doubanio.com/view/photo/s_ratio_poster/public/p2163912778.jpg,20497633,6236
['Nick Everhart'],4.7,1538,25,2012世界末日,https://movie.douban.com/subject/2979528/,"['克利夫·德杨', '戴尔·米德基夫', '阿米·多伦兹', 'James Sinclair', 'Daniel Cage Theodore']",https://img3.doubanio.com/view/photo/s_ratio_poster/public/p2337745611.jpg,2979528,2156
['约翰·古拉格'],4.5,1353,25,食人鱼3DD,https://movie.douban.com/subject/5323911/,"['丹妮尔·帕娜贝克', '马特·布什', '大卫·科恩查内', '让-卢克·比洛多', '赫克特·吉门雷兹']",https://img3.doubanio.com/view/photo/s_ratio_poster/public/p1577132454.jpg,5323911,2000
['雷尼·哈林'],7.1,448,35,深海狂鲨,https://movie.douban.com/subject/1292680/,"['托马斯·简', '萨弗蓉·布罗斯', '塞缪尔·杰克逊', '杰奎琳·麦根斯', '迈克尔·拉帕波特']",https://img3.doubanio.com/view/photo/s_ratio_poster/public/p1261726436.jpg,1292680,693
['张建亚'],6.5,980,35,紧急迫降,https://movie.douban.com/subject/1296874/,"['邵兵', '尤勇', '徐帆', '池华琼', '张康尔']",https://img3.doubanio.com/view/photo/s_ratio_poster/public/p2218414892.jpg,1296874,1399
['冯小宁'],4.3,1500,20,超强台风,https://movie.douban.com/subject/3266407/,"['巫刚', '宋晓英', '刘小微', '冯薇朵', '李云龙']",https://img3.doubanio.com/view/photo/s_ratio_poster/public/p2239086095.jpg,3266407,2000
"['亚当·格林', '亚当·格林']",6.3,1011,30,冷冻,https://movie.douban.com/subject/3285088/,"['阿克曼', '凯恩·霍德尔', '亚当·格林', '莉莉·旺德比尔特', '肖恩·阿什莫']",https://img1.doubanio.com/view/photo/s_ratio_poster/public/p2209713327.jpg,3285088,1500
['米克·杰克逊'],6.9,510,35,活火熔城,https://movie.douban.com/subject/1296027/,"['汤米·李·琼斯', '安·海切', '盖比·霍夫曼', '唐·钱德尔', '杰奎琳·金']",https://img3.doubanio.com/view/photo/s_ratio_poster/public/p2377347186.jpg,1296027,755
['托尼·米歇尔'],5.5,600,30,水啸雾都,https://movie.douban.com/subject/2297877/,"['罗伯特·卡莱尔', '杰萨琳·吉尔西格', '汤姆·康特奈', '琼妮·威利', '拉尔夫·布朗']",https://img1.doubanio.com/view/photo/s_ratio_poster/public/p2197533857.jpg,2297877,804
['唐·方李洛伊'],4.9,1600,25,狂蟒之灾3,https://movie.douban.com/subject/3160325/,"['克里斯托·艾伦', '大卫·哈塞尔霍夫', '约翰·瑞斯-戴维斯', '安东尼·格林', 'Vasile Albinet']",https://img1.doubanio.com/view/photo/s_ratio_poster/public/p2517326639.jpg,3160325,2300
['费尔南多·梅里尔斯'],7.2,8109,35,盲流感,https://movie.douban.com/subject/2028634/,"['马克·鲁弗洛', '朱丽安·摩尔', '艾莉丝·布拉加', '盖尔·加西亚·贝纳尔', '伊势谷友介']",https://img1.doubanio.com/view/photo/s_ratio_poster/public/p1305332469.jpg,2028634,12059
"['亚历克斯·帕斯特尔', '大卫·帕斯特尔']",6.3,2000,30,末日病毒,https://movie.douban.com/subject/2225784/,"['卢·泰勒·普奇', '克里斯·派恩', '派珀·佩拉博', '艾米丽·万凯普', '克里斯托弗·米洛尼']",https://img3.doubanio.com/view/photo/s_ratio_poster/public/p1505236691.jpg,2225784,2964
['米凯尔·萨洛门'],6.8,1600,35,天外来菌,https://movie.douban.com/subject/2133368/,"['本杰明·布拉特', '克瑞丝塔·米勒', '路易斯·费雷拉', '瑞克·斯克路德', 'Michal Suchánek']",https://img1.doubanio.com/view/photo/s_ratio_poster/public/p2097805637.jpg,2133368,2115
['Mark A. Lewis'],6.1,496,30,解冻,https://movie.douban.com/subject/3078403/,"['彼特·科拉米斯', '方·基默', '亚利桑德罗·雷', '塞巴斯蒂安·加基', '威廉·B·戴维斯']",https://img1.doubanio.com/view/photo/s_ratio_poster/public/p1582884578.jpg,3078403,662
['罗杰·唐纳森'],6.8,1000,35,天崩地裂,https://movie.douban.com/subject/1292590/,"['皮尔斯·布鲁斯南', '琳达·汉密尔顿', '格兰特·赫斯洛夫', '马志', '查尔斯·哈拉汉']",https://img3.doubanio.com/view/photo/s_ratio_poster/public/p686557342.jpg,1292590,1500
['唐·方李洛伊'],4.5,550,25,狂蟒之灾4,https://movie.douban.com/subject/3011606/,"['克里斯托·艾伦', '林登·阿什比', '约翰·瑞斯-戴维斯', 'Dan Badarau', '亚历山德鲁·波托切安']",https://img3.doubanio.com/view/photo/s_ratio_poster/public/p2518156085.jpg,3011606,790
['罗伯特·里伯曼'],8.7,845,45,铁达尼号沉没记,https://movie.douban.com/subject/1296542/,"['彼得·盖勒', '凯瑟琳·泽塔-琼斯', '乔治·C·斯科特', '爱娃·玛丽·森特', '蒂姆·克里']",https://img3.doubanio.com/view/photo/s_ratio_poster/public/p1502753803.jpg,1296542,1200
['弗兰克·马歇尔'],8.1,580,40,天劫余生,https://movie.douban.com/subject/1299904/,"['伊桑·霍克', '文森特·斯帕诺', '约什·汉密尔顿', '约翰·纽顿', '约翰·马尔科维奇']",https://img1.doubanio.com/view/photo/s_ratio_poster/public/p1466805847.jpg,1299904,875
['安德鲁·戴维斯'],7.5,900,40,惊涛大冒险,https://movie.douban.com/subject/1507158/,"['凯文·科斯特纳', '阿什顿·库彻', '尼尔·麦克唐纳', '克兰西·布朗', 'Gregory J. Barnett']",https://img3.doubanio.com/view/photo/s_ratio_poster/public/p640223724.jpg,1507158,1333
['史蒂夫·伦特'],8.0,1985,40,小叮当：永无兽传奇,https://movie.douban.com/subject/26258872/,"['金妮弗·古德温', '梅·惠特曼', '罗莎里奥·道森', '刘玉玲', '帕梅拉·阿德龙']",https://img3.doubanio.com/view/photo/s_ratio_poster/public/p2214920830.jpg,26258872,2835
['James Strong'],8.6,419,45,神秘博士：死亡星球,https://movie.douban.com/subject/4249642/,"['大卫·埃姆斯', '诺玛·杜梅温尼', '丹尼尔·卡卢亚', '米歇尔·雷恩', '大卫·田纳特']",https://img3.doubanio.com/view/photo/s_ratio_poster/public/p2508912980.jpg,4249642,600
['罗伯·科恩'],7.2,448,35,十万火急,https://movie.douban.com/subject/1292834/,"['西尔维斯特·史泰龙', '艾米·布伦尼曼', '维果·莫腾森', '丹·哈达亚', 'Mark Chadwick']",https://img3.doubanio.com/view/photo/s_ratio_poster/public/p2320452962.jpg,1292834,672
['濑濑敬久'],6.3,1506,30,感染列岛,https://movie.douban.com/subject/2983135/,"['妻夫木聪', '檀丽', '国仲凉子', '田中裕二', '藤龙也']",https://img3.doubanio.com/view/photo/s_ratio_poster/public/p739812900.jpg,2983135,2125
"['大卫·帕斯特尔', '亚历克斯·帕斯特尔']",5.7,6988,30,末日浩劫,https://movie.douban.com/subject/19976260/,"['基姆·古铁雷斯', '何塞·科罗纳多', '玛尔塔·埃图拉', '拉蒂西亚·多瑞拉', '米克尔·伊格莱西亚斯']",https://img3.doubanio.com/view/photo/s_ratio_poster/public/p2217080836.jpg,19976260,9984
"['荒木哲郎', '肥冢正史', '田中洋之']",7.8,1470,40,进击的巨人剧场版：觉醒的咆哮,https://movie.douban.com/subject/27191405/,"['梶裕贵', '石川由依', '井上麻里奈', '下野纮', '小林优']",https://img3.doubanio.com/view/photo/s_ratio_poster/public/p2531265461.jpg,27191405,2048
['阿巴斯·基亚罗斯塔米'],8.7,445,45,生生长流,https://movie.douban.com/subject/1303471/,"['法尔哈德·赫拉德曼德', '布巴·巴尤尔·', '奥西纳·法赫']",https://img3.doubanio.com/view/photo/s_ratio_poster/public/p1944277781.jpg,1303471,600
['埃里克·海瑟尔'],7.0,4050,35,生死倒数,https://movie.douban.com/subject/10755584/,"['保罗·沃克', '珍尼希斯·罗德里格兹', '南希·内夫', '西恩·雅各布森', '娜塔莉亚·姗福瑞']",https://img1.doubanio.com/view/photo/s_ratio_poster/public/p2154616348.jpg,10755584,6000
['连姆·O·达诺'],5.1,1350,25,天际浩劫2,https://movie.douban.com/subject/5324813/,"['弗兰克·格里罗', '博亚娜·诺瓦科维奇', '乔尼·维斯顿', '卡兰·马尔韦', '安东尼奥·法加斯']",https://img1.doubanio.com/view/photo/s_ratio_poster/public/p2505141188.jpg,5324813,2000
['严嘉'],3.0,1786,15,食人虫,https://movie.douban.com/subject/25958914/,"['夏梓桐', '张梓琳', '王传君', '丁春诚', '李彧']",https://img3.doubanio.com/view/photo/s_ratio_poster/public/p2201322384.jpg,25958914,2500
['阿贝尔·安扎克'],7.2,1175,35,狼嚎,https://movie.douban.com/subject/27150283/,"['弗朗索瓦·西维尔', '奥玛·希', '马修·卡索维茨', '勒达·卡代布', '葆拉·贝尔']",https://img1.doubanio.com/view/photo/s_ratio_poster/public/p2542972538.jpg,27150283,1600
['杰夫·兰弗洛'],5.5,2700,30,末世殖民地,https://movie.douban.com/subject/3148966/,"['劳伦斯·菲什伯恩', '凯文·席格斯', '比尔·帕克斯顿', '夏洛蒂·苏利文', '德鲁·维尔戈维尔']",https://img3.doubanio.com/view/photo/s_ratio_poster/public/p2214562733.jpg,3148966,4001
['Trey Stokes'],3.6,666,20,2012: 冰河时期,https://movie.douban.com/subject/6558248/,"['帕特里克·莱比奥托', '朱丽·麦库拉芙', 'Nick Afanasiev']",https://img3.doubanio.com/view/photo/s_ratio_poster/public/p1085107162.jpg,6558248,934
['托马斯·温特伯格'],6.8,1902,35,库尔斯克,https://movie.douban.com/subject/26684528/,"['科林·费尔斯', '蕾雅·赛杜', '马提亚斯·修奈尔', '迈克尔·恩奎斯特', '马克斯·冯·叙多夫']",https://img3.doubanio.com/view/photo/s_ratio_poster/public/p2537378120.jpg,26684528,2717
['罗伊·沃德·贝克'],8.3,1000,40,冰海沉船,https://movie.douban.com/subject/1292890/,"['肯尼思·莫尔', '罗纳德·艾伦', '罗伯特·艾尔斯', '霍纳尔·布莱克曼', '安东尼·布谢尔']",https://img1.doubanio.com/view/photo/s_ratio_poster/public/p1505177928.jpg,1292890,1500
['卡雷·安德鲁斯'],5.1,550,25,高空飞行,https://movie.douban.com/subject/3637228/,"['兰登·莱伯隆', '谢拉赫·霍斯达尔', '杰克·威利', 'Seth Ranaweera', 'Ian Robison']",https://img3.doubanio.com/view/photo/s_ratio_poster/public/p675244052.jpg,3637228,794
['丹尼尔·罗比'],6.0,1890,30,呼吸,https://movie.douban.com/subject/27172872/,"['罗曼·杜里斯', '欧嘉·柯瑞兰寇', '芳汀·阿杜安', '米歇尔·罗班', '安娜·盖洛']",https://img1.doubanio.com/view/photo/s_ratio_poster/public/p2568926037.jpg,27172872,2567
['彼得·马克尔'],7.5,500,40,93号航班,https://movie.douban.com/subject/1765031/,"['杰弗里·诺灵', '多米尼克·瑞恩斯', '迈克尔·亚当思韦特', '杰瑞·瓦塞尔曼', '因格里德·托伦斯']",https://img3.doubanio.com/view/photo/s_ratio_poster/public/p2183469531.jpg,1765031,738
"['森谷司郎', '山际永三', '麦·安迪']",6.6,540,35,日本沉没,https://movie.douban.com/subject/1304740/,"['罗恩·格林', '小林桂树', '藤冈弘', '高野浩幸', '童自荣']",https://img1.doubanio.com/view/photo/s_ratio_poster/public/p2333036987.jpg,1304740,766
['约翰·吉勒明'],7.6,1364,40,火烧摩天楼,https://movie.douban.com/subject/1298056/,"['史蒂夫·麦奎因', '保罗·纽曼', '威廉·霍尔登', '费·唐纳薇', '弗雷德·阿斯泰尔']",https://img3.doubanio.com/view/photo/s_ratio_poster/public/p2363646202.jpg,1298056,1933
['大友克洋'],8.3,595,40,大炮之街,https://movie.douban.com/subject/26951746/,"['林勇', '山田俊司', '山本圭子', '仲木隆司', '中村秀利']",https://img3.doubanio.com/view/photo/s_ratio_poster/public/p2411645494.jpg,26951746,814
['尼古拉斯·洛佩兹'],5.6,628,30,劫后余生,https://movie.douban.com/subject/6873268/,"['伊莱·罗斯', '安德里娅·奥斯瓦特', 'Ariel Levy', '娜塔莎·亚罗温科', '拉蒙·莱']",https://img3.doubanio.com/view/photo/s_ratio_poster/public/p1972396834.jpg,6873268,924
['志水淳儿'],6.4,1500,30,魔神Z,https://movie.douban.com/subject/26963808/,"['森久保祥太郎', '茅野爱衣', '上坂堇', '花江夏树', '关俊彦']",https://img1.doubanio.com/view/photo/s_ratio_poster/public/p2549420228.jpg,26963808,2117
['萨里·奥德赛耶'],6.7,700,35,亚美尼亚大地震,https://movie.douban.com/subject/26775546/,"['康斯坦丁·拉夫罗年科', '玛丽亚·米罗诺娃', '维克托·斯捷潘尼扬', '塔特夫·欧夫基迈恩', '米卡耶尔·波戈相']",https://img3.doubanio.com/view/photo/s_ratio_poster/public/p2377941616.jpg,26775546,1000
['格雷厄姆·西克斯顿'],8.1,666,40,弗洛斯河上的磨房,https://movie.douban.com/subject/1789047/,"['Jon Lee', 'Will Knightley', '艾米丽·沃森', '乔安娜·大卫', 'Peter Russell']",https://img3.doubanio.com/view/photo/s_ratio_poster/public/p2512366276.jpg,1789047,943
['约翰·安德烈亚斯·安德森'],5.4,797,25,大地震,https://movie.douban.com/subject/27055837/,"['克里斯托弗·约纳尔', '安妮·达尔·托普', '乔纳斯·霍夫·奥夫特布洛', '伊迪丝·哈根鲁德-桑德', '蒂娜·谢伊']",https://img3.doubanio.com/view/photo/s_ratio_poster/public/p2541256015.jpg,27055837,1181
['翟俊杰'],6.5,400,35,惊涛骇浪,https://movie.douban.com/subject/2130011/,"['宁静', '巫刚', '李幼斌', '潘粤明', '祝新运']",https://img1.doubanio.com/view/photo/s_ratio_poster/public/p2459895158.jpg,2130011,571
['雷纳·马苏塔尼'],6.1,500,30,因子8号,https://movie.douban.com/subject/5173856/,"['格热娜·祖可若夫斯基', '杰米斯·巴特勒', '安德烈·赫尼克', '弗朗索瓦·高斯克', 'Sinta Weisz']",https://img3.doubanio.com/view/photo/s_ratio_poster/public/p2513448424.jpg,5173856,733
['闫然'],6.6,1500,35,幸存日,https://movie.douban.com/subject/5298766/,"['倪大红', '陈晓东', '李菲儿', '李彧', '王新宇']",https://img1.doubanio.com/view/photo/s_ratio_poster/public/p1023030778.jpg,5298766,2095
['Howard J. Ford'],5.6,1215,30,尸地余生,https://movie.douban.com/subject/5173651/,"['Elizabeth Akingbade', 'Benjamin C. Akpa', 'Stephen Asare Amaning', 'Anthony Arinze']",https://img1.doubanio.com/view/photo/s_ratio_poster/public/p1443109187.jpg,5173651,1796
"['陈国星', '王小列', '陈国新']",5.6,4286,30,冰雪11天,https://movie.douban.com/subject/10810268/,"['刘桦', '冯远征', '黄奕', '郭家铭', '奚美娟']",https://img3.doubanio.com/view/photo/s_ratio_poster/public/p1744920905.jpg,10810268,6000
['张珏'],4.9,4592,25,爆炸性新闻,https://movie.douban.com/subject/20431606/,['赵奕欢'],https://img1.doubanio.com/view/photo/s_ratio_poster/public/p1800313998.jpg,20431606,2576
['罗伯特·伊斯科夫'],6.1,500,30,加州大地震,https://movie.douban.com/subject/1304840/,"['卢宾·布雷兹', '兰·卡琉', '大卫·摩斯', '艾瑞克·麦柯马克', 'Terry David Mulligan']",https://img1.doubanio.com/view/photo/s_ratio_poster/public/p2506707519.jpg,1304840,709
['刘伟强'],,1286,0,中国机长,https://movie.douban.com/subject/30295905/,"['张涵予', '欧豪', '杜江', '袁泉', '张天爱']",https://img3.doubanio.com/view/photo/s_ratio_poster/public/p2568261402.jpg,30295905,1800
['陈静'],6.1,2000,30,大地震,https://movie.douban.com/subject/34800551/,"['曹卫宇', '张晞临', '石文中', '任学海', '马浩博']",https://img3.doubanio.com/view/photo/s_ratio_poster/public/p2568281066.jpg,34800551,2667
['尼古拉·霍梅里基'],6.6,2100,35,破冰船,https://movie.douban.com/subject/26894886/,"['彼得·费奥多罗夫', '谢尔盖·普斯科帕里斯', '亚历山大·帕里', '维塔利·哈耶夫', '阿列克谢·巴拉巴什']",https://img3.doubanio.com/view/photo/s_ratio_poster/public/p2499131103.jpg,26894886,3000
['覃傑'],4.2,6000,20,亲爱的，我要和别人结婚了,https://movie.douban.com/subject/27608425/,"['保剑锋', '戚砚笛', '徐一娢', '曹祎诺', '康亢']",https://img3.doubanio.com/view/photo/s_ratio_poster/public/p2522261432.jpg,27608425,9631
['饭田让治'],6.2,594,30,天咒,https://movie.douban.com/subject/1308412/,"['妻夫木聪', '山田孝之', '藤木直人', '神田沙也加', '岛田久作']",https://img1.doubanio.com/view/photo/s_ratio_poster/public/p2456284259.jpg,1308412,800
['杰弗里·萨克斯'],6.8,1063,35,神秘博士1996电影版,https://movie.douban.com/subject/2337716/,"['保罗·麦甘恩', '埃里克·罗伯茨', '达芙妮·阿斯布鲁克', '威尔·萨索', '西尔维斯特·迈可伊']",https://img1.doubanio.com/view/photo/s_ratio_poster/public/p2306709459.jpg,2337716,1500
['陈远良'],4.8,684,25,空谷十年,https://movie.douban.com/subject/5320222/,"['SAM', 'LISA']",https://img3.doubanio.com/view/photo/s_ratio_poster/public/p670857975.jpg,5320222,450
['Ben Demaree'],3.4,514,15,启示录：庞贝,https://movie.douban.com/subject/25835196/,['乔治娜·比德尔'],https://img1.doubanio.com/view/photo/s_ratio_poster/public/p2175764987.jpg,25835196,720
['Andreas Linke'],5.8,300,30,柏林龙卷风,https://movie.douban.com/subject/2045848/,"['克斯腾·布劳克', 'Linda Pöppel', '哈拉尔德·施罗特', '卡琳·乌勾斯基', '贝恩德·斯特格曼']",https://img3.doubanio.com/view/subject/l/public/s4371663.jpg,2045848,430
['Emile Edwin Smith'],3.6,705,20,冰川鲨鱼,https://movie.douban.com/subject/26890667/,"['Edward DeRuiter', 'Jenna Parker', 'Kaiwi Lyman-Mersereau']",https://img3.doubanio.com/view/photo/s_ratio_poster/public/p2388347282.jpg,26890667,1000
['涂然诺 Toranong Srichua'],3.5,561,20,2022大海啸,https://movie.douban.com/subject/4088850/,"['Prinya Wongsilp', 'Chumporn Teppitak', 'Suchao PongwiLai', 'Pisarn Srimunkhong', 'PanuDet Wattanasuchat']",https://img3.doubanio.com/view/photo/s_ratio_poster/public/p2331607606.jpg,4088850,800
['Keith Boak'],5.5,206,30,陨石恶梦,https://movie.douban.com/subject/2995728/,"['Gabriel Priore', 'Kyle Sorrell', 'Shushila Christiansen', 'Jason Soule', 'Justin Rodgers Hall']",https://img3.doubanio.com/view/subject/l/public/s2956405.jpg,2995728,300
['Christopher Ray'],2.8,439,15,巨鲨大战食人鳄,https://movie.douban.com/subject/5908528/,['贾里尔·怀特'],https://img1.doubanio.com/view/photo/s_ratio_poster/public/p2289458018.jpg,5908528,663
['舒吉特·瑟加'],5.4,1282,25,谍战马德拉斯,https://movie.douban.com/subject/25709254/,"['约翰·亚伯拉罕', '娜吉丝·法克利']",https://img3.doubanio.com/view/photo/s_ratio_poster/public/p2106155945.jpg,25709254,1966
['让·尼古拉斯科'],7.6,1147,40,铁达尼邮轮沉浸记,https://movie.douban.com/subject/1305716/,"['克利夫顿·韦伯', '芭芭拉·斯坦威克', '罗伯特·瓦格纳', '奥黛丽·达尔顿', '瑟尔玛·瑞特']",https://img3.doubanio.com/view/photo/s_ratio_poster/public/p2336201621.jpg,1305716,1674
['黄河'],3.3,960,15,大雪怪,https://movie.douban.com/subject/34807467/,"['张咏娴', '唐鑫']",https://img1.doubanio.com/view/photo/s_ratio_poster/public/p2566997859.jpg,34807467,1440
['托尼·米歇尔'],7.7,400,40,真正末日,https://movie.douban.com/subject/1499251/,"['迈克尔·莱利', '加里·刘易斯', 'Shaun Johnston', '加里·切克', '比尔·费洛斯']",https://img1.doubanio.com/view/photo/s_ratio_poster/public/p2503468717.jpg,1499251,562
['马克·阿特金斯'],3.0,705,15,鲨鱼星球,https://movie.douban.com/subject/26890684/,['克里斯蒂娜·维瑟'],https://img3.doubanio.com/view/photo/s_ratio_poster/public/p2388349612.jpg,26890684,1000
['高波'],3.7,490,20,蓝,https://movie.douban.com/subject/11523414/,"['卢希安', '宋嘉豪']",https://img3.doubanio.com/view/subject/l/public/s24980621.jpg,11523414,690
"['乔治·马内西', '吉姆·查尔斯顿']",4.4,500,20,蚂蚁的袭击,https://movie.douban.com/subject/2044268/,"['Ron Sarchian', '凯文·拉姆', '杰里米·福利', '派屈克·福吉特', '唐·山克斯']",https://img1.doubanio.com/view/photo/s_ratio_poster/public/p2535661338.jpg,2044268,716
['王军'],,1200,0,在天堂等我,https://movie.douban.com/subject/27180977/,"['李滨', '于非非', '毛孩', '李梦男', '肥龙']",https://img3.doubanio.com/view/photo/s_ratio_poster/public/p2540029790.jpg,27180977,1982
['Liz Adams'],3.2,713,15,超级飓风,https://movie.douban.com/subject/19972177/,"['Nicholas Turturro', '温明娜 Ming-Na', 'Andy Clemence', 'Jonathan Le Billon']",https://img3.doubanio.com/view/photo/s_ratio_poster/public/p2524037284.jpg,19972177,1000
['John Lafia'],6.0,291,30,毁灭之日,https://movie.douban.com/subject/1840862/,"['卡莉·波普', '嘉丝莉·毕薇斯', '金·德莱尼', 'David McKeown', '博·布里奇斯']",https://img1.doubanio.com/view/subject/l/public/s1990937.jpg,1840862,409
['蒂波尔·塔卡克斯'],3.4,250,15,陨石撞地球,https://movie.douban.com/subject/4293282/,"['迈克尔·特鲁科', '卡瑞·玛切特', '克丽斯滕·齐恩', '布瑞特·迪尔', '埃里克·约翰逊']",https://img3.doubanio.com/view/subject/l/public/s4178066.jpg,4293282,370
['菲利普·卡德尔巴赫'],6.3,1063,30,兴登堡遇难记,https://movie.douban.com/subject/5240779/,"['Maximilian Simonischek', '劳伦·李·史密斯', '斯泰西·基齐', '格列塔·斯卡奇', '尤斯图斯·冯·多赫纳尼']",https://img3.doubanio.com/view/photo/s_ratio_poster/public/p2156666292.jpg,5240779,1500
['本·桑伯加特'],6.6,692,35,暴风雨,https://movie.douban.com/subject/3158453/,"['西尔维娅·侯克斯', '巴里·阿茨玛', 'Dirk Roofthooft', '莫妮克·亨德里克斯', 'Elsa May Averill']",https://img1.doubanio.com/view/photo/s_ratio_poster/public/p2192370589.jpg,3158453,1000
"['James Kondelik', 'Jon Kondelik']",3.8,550,20,飞机和火山,https://movie.douban.com/subject/25844364/,"['迪恩·凯恩', '罗宾·吉文斯', 'Lawrence Hilton-Jacobs']",https://img3.doubanio.com/view/photo/s_ratio_poster/public/p2184615140.jpg,25844364,753
['蒂波尔·塔卡克斯'],4.7,2136,25,暴风危城,https://movie.douban.com/subject/3450445/,"['萨曼莎·费里斯', '妮可·德波儿', 'Talon Dunbar', '科尔比·约翰森', '杰瑞·瓦塞尔曼']",https://img3.doubanio.com/view/photo/s_ratio_poster/public/p2328729611.jpg,3450445,2968
['Adam Lipsius'],3.3,960,15,海平面上升,https://movie.douban.com/subject/26992694/,"['Jason Tobias', 'Paola Menacho', 'Summer Spiro', 'DeJean Brown']",https://img3.doubanio.com/view/photo/s_ratio_poster/public/p2482964274.jpg,26992694,1440
['史蒂文·R·蒙若尔'],4.9,1056,25,龙卷风暴,https://movie.douban.com/subject/3081743/,"['米密·罗杰斯', '安德鲁·爱尔莱', '瑞恩·肯尼迪', '迈克尔·艾恩塞德', '伊利斯 莱韦斯克']",https://img3.doubanio.com/view/photo/s_ratio_poster/public/p2358085653.jpg,3081743,1490
['金子修介'],7.4,612,35,加美拉2 雷基欧袭来,https://movie.douban.com/subject/2063945/,"['永岛敏行', '水野美纪', '石桥保', '吹越满', '藤谷文子']",https://img3.doubanio.com/view/photo/s_ratio_poster/public/p2180194954.jpg,2063945,875
['Peter Geiger'],2.5,697,15,四十日夜,https://movie.douban.com/subject/20399323/,"['阿莱克斯·卡特', '艾米莉·桑迪弗', 'Evan Dumouchel']",https://img1.doubanio.com/view/photo/s_ratio_poster/public/p2523241088.jpg,20399323,1000
['甘小二'],7.4,1940,35,山清水秀,https://movie.douban.com/subject/1438683/,['甘小二'],https://img3.doubanio.com/view/photo/s_ratio_poster/public/p2516027203.jpg,1438683,2587
['辛巨擘'],,448,0,丧尸李志,https://movie.douban.com/subject/26898908/,"['张炜迅', '张晔子']",https://img1.doubanio.com/view/photo/s_ratio_poster/public/p2392015208.jpg,26898908,672
['比尔·贝克比'],5.9,220,30,无敌浩克之死,https://movie.douban.com/subject/3067813/,"['安娜·卡塔莉娜', '芭芭拉·塔拉布克', 'Philip Sterling', '加温·桑福德', ""Marlane O'Brien""]",https://img1.doubanio.com/view/subject/l/public/s3081178.jpg,3067813,309
['Andrew Bellware'],2.3,600,10,纽约之战第二天,https://movie.douban.com/subject/6889465/,['马杜卡·斯特迪'],https://img3.doubanio.com/view/photo/s_ratio_poster/public/p1733522802.jpg,6889465,829
['Brenton Spencer'],4.6,500,25,雷电,https://movie.douban.com/subject/1908194/,"['克里斯托·布雷', '马修·沃克', '肯·特雷布莱特', '尼克‧曼库索', '拜伦·劳森']",https://img3.doubanio.com/view/photo/s_ratio_poster/public/p2328728921.jpg,1908194,708
"['蔡谷', '周明宏']",6.4,500,30,南海岛血书,https://movie.douban.com/subject/21948882/,"['柯俊雄', '薛汉', '陈慧楼', '田明', '金石']",https://img1.doubanio.com/view/photo/s_ratio_poster/public/p2321316089.jpg,21948882,735
"['高希希', '白玉']",5.4,500,25,大沙暴,https://movie.douban.com/subject/3087437/,"['刘小宁', '闫妮', '王丽云', '姜超', '毛孩']",https://img3.doubanio.com/view/photo/s_ratio_poster/public/p2239086292.jpg,3087437,677
['Rob W. ScribnerIn'],,538,0,泰坦计划,https://movie.douban.com/subject/6048755/,[],https://img3.doubanio.com/view/subject/l/public/s4684722.jpg,6048755,303
['向霖'],,430,0,爬满青藤的木屋,https://movie.douban.com/subject/10508894/,"['李世玺', '王雁']",https://img3.doubanio.com/view/photo/s_ratio_poster/public/p2530416026.jpg,10508894,580
['让·德·塞贡扎克'],5.1,250,25,冰河次世纪,https://movie.douban.com/subject/1774058/,"['格兰特·秀', '乌多·基尔', 'Tom Melissis', 'Peter Virgile', '阿特·欣德尔']",https://img3.doubanio.com/view/subject/l/public/s1646386.jpg,1774058,349
['龚应恬'],5.0,2143,25,南方大冰雪,https://movie.douban.com/subject/20427700/,"['房思瑜', '敖翔', '吴超', '王奕盛', '江佳奇']",https://img3.doubanio.com/view/photo/s_ratio_poster/public/p1820912821.jpg,20427700,2993
[],3.0,600,15,百慕大异兽,https://movie.douban.com/subject/25867513/,"['特雷弗·多诺万', '琳达·汉密尔顿', '阿德里安·奎诺内斯']",https://img3.doubanio.com/view/photo/s_ratio_poster/public/p2198806202.jpg,25867513,845
['陈苗'],3.4,495,15,飞跃地心,https://movie.douban.com/subject/25913178/,"['龚蓓苾', '张芝华', '金粮', '杨宇涵', '陈薪羽']",https://img3.doubanio.com/view/photo/s_ratio_poster/public/p2193345103.jpg,25913178,790
['布赖恩 特伦查德－史密斯 (Brian Trenchard-Smith)'],7.2,780,35,烈血英伦,https://movie.douban.com/subject/1302656/,"['约翰·瑞斯-戴维斯', '沃尔夫·卡赫勒', 'Niven Boyd', '爱德华多·阿特尔顿', '杰奎琳·比塞特']",https://img3.doubanio.com/view/photo/s_ratio_poster/public/p2458603442.jpg,1302656,1112
['戚其义'],7.1,440,35,铁翼惊情,https://movie.douban.com/subject/3543759/,['林保怡'],https://img1.doubanio.com/view/photo/s_ratio_poster/public/p2541953158.jpg,3543759,640
['曹毅'],,2480,0,王的男妃,https://movie.douban.com/subject/26894534/,"['李欣泽', '周爽丽', '孔雀哥哥', '刘梓晨', '于洋']",https://img1.doubanio.com/view/photo/s_ratio_poster/public/p2482917409.jpg,26894534,3508
['布莱恩.伯林'],6.0,500,30,血猪,https://movie.douban.com/subject/10457716/,"['Joe Olson', 'Rich George', 'Richard Caron']",https://img3.doubanio.com/view/photo/s_ratio_poster/public/p2454724554.jpg,10457716,714
['杰森·伯格'],4.5,420,25,黑色风暴,https://movie.douban.com/subject/2285537/,"['Rob Hayter', '菲利普·米切尔', 'Gerry Morton', '基冈·康纳·特雷西', '凯利·格泽尔']",https://img3.doubanio.com/view/photo/s_ratio_poster/public/p2518959085.jpg,2285537,602
['杜景峰'],,1800,0,请叫我救世主,https://movie.douban.com/subject/27042556/,"['郑湫泓', '张玉轩', '孙爽', '柯文康', '杜景峰']",https://img3.doubanio.com/view/photo/s_ratio_poster/public/p2459431980.jpg,27042556,2360
['越坂康史'],,1016,0,39天,https://movie.douban.com/subject/26780321/,"['杏堂怜', '青山真希']",https://img3.doubanio.com/view/photo/s_ratio_poster/public/p2340386586.jpg,26780321,1441
['洪紫琳'],3.2,675,15,探魔导师,https://movie.douban.com/subject/26841304/,"['洪紫琳', '孔舒航', '金尤美', '刘蔚森', '杨悦心']",https://img3.doubanio.com/view/photo/s_ratio_poster/public/p2372084576.jpg,26841304,888
['陈麒羽'],,600,0,时弦,https://movie.douban.com/subject/27064927/,['徐翔'],https://img1.doubanio.com/view/photo/s_ratio_poster/public/p2496637758.jpg,27064927,786
['Jörg Lühdorff'],6.0,487,30,大雪崩,https://movie.douban.com/subject/3540214/,"['德斯瑞·诺斯布奇', '文森特·佩雷斯', '阿拉丁·瑞贝尔', '雅克·斯皮埃塞', 'Gloria Nefzger']",https://img3.doubanio.com/view/photo/s_ratio_poster/public/p2018010282.jpg,3540214,700
['弗雷德·欧伦·雷'],4.5,703,25,空中惊魂,https://movie.douban.com/subject/4892630/,"['卡斯帕·凡·迪恩', '布拉德·道里夫', '妮可尔·埃格特', '帕特里克·茂顿', 'Toni Adair']",https://img3.doubanio.com/view/photo/s_ratio_poster/public/p2356951730.jpg,4892630,1000
['Liz Adams'],3.3,500,15,撞机,https://movie.douban.com/subject/10566183/,"['奥罗拉·佩里纽', '乔丹·莱德']",https://img3.doubanio.com/view/subject/l/public/s9025971.jpg,10566183,656
['Luke Thompson'],3.9,621,20,腐烂,https://movie.douban.com/subject/20393982/,"['Zoë Hatherell', 'Tom Procter', 'Stewart Martin-Haugh', 'Sara Mahmoud', 'William P.Martin']",https://img3.doubanio.com/view/subject/l/public/s24428484.jpg,20393982,877
['荒木哲郎'],,566,0,甲铁城的卡巴内瑞 序章,https://movie.douban.com/subject/26691322/,"['畠中祐', '千本木彩花', '内田真礼', '梶裕贵', '冲佳苗']",https://img3.doubanio.com/view/photo/s_ratio_poster/public/p2325472141.jpg,26691322,800
['陈国星'],5.8,485,30,危情雪夜,https://movie.douban.com/subject/2381847/,"['陶泽如', '吴越', '高明', '何冰', '马伊琍']",https://img3.doubanio.com/view/subject/l/public/s2959390.jpg,2381847,716
['郭昊宇'],,1944,0,湮灭,https://movie.douban.com/subject/26895391/,"['鲁文杰', '梁健平', '麦子乐', '廖子妤']",https://img3.doubanio.com/view/photo/s_ratio_poster/public/p2390298755.jpg,26895391,2880
['Steve Broster'],,734,0,巨变之后：人口为零,https://movie.douban.com/subject/26286626/,['Michael Adams'],https://img3.doubanio.com/view/photo/s_ratio_poster/public/p2218028465.jpg,26286626,1024
['米家山'],7.5,583,40,你没有十六岁,https://movie.douban.com/subject/3145154/,"['莫岐', '龚蓓苾', '张国立', '侯耀华']",https://img3.doubanio.com/view/photo/s_ratio_poster/public/p1089415760.jpg,3145154,400
['Ian Gilmour'],4.6,500,25,蝗虫大军：天降灾难,https://movie.douban.com/subject/5238819/,"['丹·考特斯', '朱莉·本茨', '大卫·凯斯', '克里克·B·R·沃勒尔', 'Ivo Simeonov']",https://img1.doubanio.com/view/subject/l/public/s7031318.jpg,5238819,711
['克里斯托弗·塔柏'],4.6,640,25,烈火疑云,https://movie.douban.com/subject/3233672/,"['伊恩·萨默海尔德', 'Shelene Yung', '托比·哈格雷夫', '拉尼·杰莱拉', '柯林·坎宁安']",https://img1.doubanio.com/view/photo/s_ratio_poster/public/p1371112378.jpg,3233672,427
"['Jonathan,Winfrey']",3.6,550,20,圣诞灾难,https://movie.douban.com/subject/26289065/,"['维克多·韦伯斯特', '詹妮弗·斯宾塞', '理查德·哈蒙']",https://img3.doubanio.com/view/photo/s_ratio_poster/public/p2241131560.jpg,26289065,824
['沐太息'],,960,0,克塞之战之天降英雄,https://movie.douban.com/subject/30156045/,"['朱富润', '王艾琳', '沐太息', '赵晓东', '尚媛媛']",https://img3.doubanio.com/view/photo/s_ratio_poster/public/p2516303566.jpg,30156045,1440
['杨涛'],,3508,0,求生者,https://movie.douban.com/subject/24379805/,"['陈旺林', '骆达华', '刘艺丹', '李欣然', '马文惠']",https://img3.doubanio.com/view/photo/s_ratio_poster/public/p1981353645.jpg,24379805,4961
['林海象'],,640,0,螺栓,https://movie.douban.com/subject/32569570/,['永濑正敏'],https://img3.doubanio.com/view/photo/s_ratio_poster/public/p2558990286.jpg,32569570,904
['林超贤'],,4263,0,紧急救援,https://movie.douban.com/subject/26342391/,"['彭于晏', '王彦霖', '辛芷蕾', '蓝盈莹', '王雨甜']",https://img1.doubanio.com/view/photo/s_ratio_poster/public/p2559626669.jpg,26342391,6000
['Timothy Green Beckley'],,800,0,桑迪胡克内衣党大屠杀,https://movie.douban.com/subject/6869360/,"['Angel', 'Tim Beckley', 'DiDi']",https://img1.doubanio.com/view/photo/s_ratio_poster/public/p2276693238.jpg,6869360,600
['余非'],,4075,0,冰峰暴,https://movie.douban.com/subject/27595272/,"['张静初', '役所广司', '林柏宏', '维克多·霍克', 'James']",https://img3.doubanio.com/view/photo/s_ratio_poster/public/p2567371871.jpg,27595272,6142
['Philip DeGuere'],,709,0,灵怪博士,https://movie.douban.com/subject/3059845/,"['彼得·霍顿', '克莱德·草津', '杰西卡·沃尔特', 'Philip Sterling', 'Lady Rowlands']",https://img3.doubanio.com/view/photo/s_ratio_poster/public/p2495645575.jpg,3059845,1000
['Alexander Singer'],,500,0,魂游1871,https://movie.douban.com/subject/5053328/,"['Tom Hallick', '弗朗辛·约克', '布思·科尔曼', '理查德·贝斯哈特', 'Trish Stewart']",https://img3.doubanio.com/view/photo/s_ratio_poster/public/p2400843675.jpg,5053328,750
"[""Kevin O'Neill""]",,675,0,八爪狂鲨战鲸狼,https://movie.douban.com/subject/26985566/,"['卡斯帕·凡·迪恩', '凯瑟琳·奥克森伯格']",https://img3.doubanio.com/view/photo/s_ratio_poster/public/p2436362645.jpg,26985566,1000
['Paul Tarnopol'],,486,0,泽西海岸大屠杀,https://movie.douban.com/subject/25811315/,"['Giovanni Roselli', '丹妮尔·戴娜蔻', '阿丽克西斯·福特']",https://img3.doubanio.com/view/photo/s_ratio_poster/public/p2166357631.jpg,25811315,720
['维塔利·沃罗比'],,400,0,形影不离（俄国）,https://movie.douban.com/subject/30140208/,"['玛利亚·波叶扎耶娃', '朱利亚·鲁特伯格', '尤里·纳扎罗夫', '安德鲁·喀科弗', '尤利斯·鲍里索夫']",https://img3.doubanio.com/view/photo/s_ratio_poster/public/p2512922432.jpg,30140208,603
['陈健'],,500,0,冰雪同行,https://movie.douban.com/subject/3334061/,"['杨树泉', '崔婕', '叶华']",https://img3.doubanio.com/view/photo/s_ratio_poster/public/p2290862234.jpg,3334061,750
['罗伯特·伊斯科夫'],,1280,0,毫无预警,https://movie.douban.com/subject/3258565/,"['德威尔·布朗', '简·卡兹玛拉克', '布莱恩·麦克纳玛拉', '詹姆斯·莫里森', '艾什丽·佩顿']",https://img3.doubanio.com/view/photo/s_ratio_poster/public/p2562245714.jpg,3258565,1920
['孙文学'],,435,0,雪暴1814,https://movie.douban.com/subject/25703775/,"['孙荣', '李欣']",https://img1.doubanio.com/view/photo/s_ratio_poster/public/p2096923867.jpg,25703775,621
['郭小川'],,,0,佣兵之战,https://movie.douban.com/subject/30185530/,"['周蕊', '钟艺']",https://img3.doubanio.com/f/movie/30c6263b6db26d055cbbe73fe653e29014142ea3/pics/movie/movie_default_large.png,30185530,
['Edzard Onneken'],,89,0,猎云号,https://movie.douban.com/subject/5180031/,"['Manuel Witting', '埃尔温·施泰因豪尔', 'Max Tidof', 'Jan Sosniok', 'Xaver Hutter']",https://img1.doubanio.com/view/subject/l/public/s11221457.jpg,5180031,120
['Scott P. Levy'],,763,0,食人鲳,https://movie.douban.com/subject/2269892/,"['林肯·基尔帕特里克', '詹姆斯·凯伦', 'Lorissa McComas', '克里斯托弗·墨菲', 'David Parry']",https://img3.doubanio.com/view/photo/s_ratio_poster/public/p2499365956.jpg,2269892,1080
['Maximilian Elfeldt'],,703,0,世界的末日,https://movie.douban.com/subject/30411571/,['杰奎琳·西斯洛夫斯基'],https://img3.doubanio.com/view/photo/s_ratio_poster/public/p2543616995.jpg,30411571,998
['Allan Plenderleith'],,2480,0,地堡,https://movie.douban.com/subject/26946604/,"['Adam Brown', 'Sarah Greene', 'Grahame Fox']",https://img1.doubanio.com/view/photo/s_ratio_poster/public/p2409465907.jpg,26946604,3508
['Just Philippot'],,1678,0,酸,https://movie.douban.com/subject/30147203/,['索菲安·哈米斯'],https://img3.doubanio.com/view/photo/s_ratio_poster/public/p2513416134.jpg,30147203,944
['董玲'],,504,0,雪谷逃生,https://movie.douban.com/subject/3098836/,"['王大治', '闫勤']",https://img3.doubanio.com/view/photo/s_ratio_poster/public/p2507513201.jpg,3098836,720
['王瑜'],,416,0,神雕英雄之义侠萧石,https://movie.douban.com/subject/3400597/,"['梁家仁', '孟飞', '杨钧钧', '张复建', '黄仲裕']",https://img3.doubanio.com/view/photo/s_ratio_poster/public/p2314766885.jpg,3400597,621
['白新宇'],,1800,0,血姬传,https://movie.douban.com/subject/27055683/,"['任娇', '张星阑']",https://img1.doubanio.com/view/photo/s_ratio_poster/public/p2461131897.jpg,27055683,2360
['Christopher Ray (as Christopher Douglas Olen Ray)'],,642,0,小行星撞地球,https://movie.douban.com/subject/26257569/,"['蒂亚·卡雷尔', '杰森·布鲁克斯', '罗伯特·戴维']",https://img1.doubanio.com/view/photo/s_ratio_poster/public/p2210568349.jpg,26257569,901
['迪埃德里克·范·罗伊詹'],,109,0,群鸟,https://movie.douban.com/subject/2058729/,[],https://img1.doubanio.com/view/subject/l/public/s3571747.jpg,2058729,124
['凯文·格劳特'],,600,0,钢铁镇：龙族之战,https://movie.douban.com/subject/26426159/,"['徐峥', '关晓彤']",https://img3.doubanio.com/view/photo/s_ratio_poster/public/p2492668535.jpg,26426159,840
['王瑜'],,500,0,一剑刺向太阳,https://movie.douban.com/subject/11629296/,"['孟飞', '杨钧钧', '姜大卫', '田野', '张复建']",https://img3.doubanio.com/view/photo/s_ratio_poster/public/p1687644001.jpg,11629296,730
[],,100,0,亚玛逊宝藏之兽女,https://movie.douban.com/subject/21247894/,"['Donald Pleasence唐纳德·普莱森斯', 'Stuart Whitman斯图尔特·惠特曼', 'John Ireland约翰·爱尔兰']",https://img1.doubanio.com/view/subject/l/public/s24852727.jpg,21247894,140
['乔戈里'],,2000,0,末世1宅男进化,https://movie.douban.com/subject/26877489/,['阳巧玥'],https://img3.doubanio.com/view/photo/s_ratio_poster/public/p2382112562.jpg,26877489,2600
['David Flores'],,1060,0,终极毁灭战士,https://movie.douban.com/subject/3317320/,"['柯林·纳麦克', '哈里·范·戈库姆', 'James Pomichter', 'Jonas Talkington', '朱利安·拜利']",https://img3.doubanio.com/view/photo/s_ratio_poster/public/p2543769446.jpg,3317320,1500
['Koichi Ohata'],,175,0,Blue Gender: The Warrior,https://movie.douban.com/subject/5177016/,"['野岛健儿', '桑岛法子', '菅沼久义', '堀之纪', '神奈延年']",https://img1.doubanio.com/view/subject/l/public/s4626498.jpg,5177016,250
['Bill L. Norton'],,862,0,渴！渴！渴！,https://movie.douban.com/subject/5099473/,"['亚当·阿金', '乔莉·费舍尔', '吉安卡罗·埃斯波西托', '保罗·A.考夫曼', 'David Michael']",https://img1.doubanio.com/view/photo/s_ratio_poster/public/p2268239608.jpg,5099473,651
['刘文骏'],,480,0,疯狂吞噬者,https://movie.douban.com/subject/33436979/,"['罗然', '周轩宇', '杨涵']",https://img1.doubanio.com/view/photo/s_ratio_poster/public/p2555778147.jpg,33436979,660
['朱利安·罗斯菲德'],,1225,0,干涸之地,https://movie.douban.com/subject/27613183/,[],https://img3.doubanio.com/view/photo/s_ratio_poster/public/p2508776673.jpg,27613183,1429
['薛鉴羌'],,1920,0,猪离开了它的外套,https://movie.douban.com/subject/10472782/,"['楊豐杰', '杜寬宏', '李雪燕', '李建', '鄭欣']",https://img3.doubanio.com/view/photo/s_ratio_poster/public/p1407901714.jpg,10472782,1080
['Peter Sullivan'],,445,0,致命龙卷风,https://movie.douban.com/subject/25827605/,"['Casper Van Dien', 'Richard Burgi', 'Victoria Pratt']",https://img3.doubanio.com/view/photo/s_ratio_poster/public/p2169980873.jpg,25827605,640
[],,400,0,Wisconsin Project X,https://movie.douban.com/subject/6893912/,"['Jesse Head', 'Christian Ackerman']",https://img1.doubanio.com/view/photo/s_ratio_poster/public/p2518158407.jpg,6893912,533
['杨恭磊'],,448,0,釜山游,https://movie.douban.com/subject/27199839/,['李峻贤、吕恩平、李家琦'],https://img3.doubanio.com/view/photo/s_ratio_poster/public/p2505153635.jpg,27199839,672
['布拉德·佩顿'],,,0,末日崩塌2,https://movie.douban.com/subject/26731221/,"['道恩·强森', '卡拉·古奇诺', '亚历珊德拉·达达里奥']",https://img3.doubanio.com/f/movie/30c6263b6db26d055cbbe73fe653e29014142ea3/pics/movie/movie_default_large.png,26731221,
['卢炜麟'],,679,0,丧尸血滴子,https://movie.douban.com/subject/26381838/,[],https://img3.doubanio.com/view/photo/s_ratio_poster/public/p2242010510.jpg,26381838,960
['Graeme Campbell'],,300,0,火山爆发之天摇地动,https://movie.douban.com/subject/1302720/,"['John McConnach', '唐·戴维斯', '布莱恩·科尔文', '艾普尔·特莱克', '丹·考特斯']",https://img1.doubanio.com/view/subject/l/public/s8868587.jpg,1302720,300
['威廉·海尔'],,674,0,铁达尼号遇难记,https://movie.douban.com/subject/1306945/,"['大卫·简森', '克萝丽丝·利奇曼', '苏珊·圣琼·詹姆斯', '大卫·沃纳', '伊安·霍姆']",https://img3.doubanio.com/view/photo/s_ratio_poster/public/p2514693751.jpg,1306945,1000
['Brian Clyde'],,400,0,追击巨鳄,https://movie.douban.com/subject/5203794/,"['布拉德·约翰逊', '凯莉·麦吉利斯', '比安卡·劳森', '乔什·凯利', '霍利.韦伯']",https://img3.doubanio.com/view/photo/s_ratio_poster/public/p2248470951.jpg,5203794,589
['马克·沃特斯'],,896,0,重力反转,https://movie.douban.com/subject/26345406/,"['杨采钰', '塞缪尔·杰克逊']",https://img1.doubanio.com/view/photo/s_ratio_poster/public/p2394990049.jpg,26345406,1280
"['宁敬武', '谷昊']",,637,0,迁徙,https://movie.douban.com/subject/25897448/,['尔玛依娜'],https://img3.doubanio.com/view/photo/s_ratio_poster/public/p2185474226.jpg,25897448,894
['金翁'],,430,0,天鳄,https://movie.douban.com/subject/26313735/,['谢明诠'],https://img3.doubanio.com/view/photo/s_ratio_poster/public/p2309326890.jpg,26313735,522
['Paolo Poeti'],,500,0,角斗士庞贝,https://movie.douban.com/subject/24867928/,"['维克多·阿尔菲', '托马斯·阿拉纳', '琳达·巴蒂斯塔', 'Clayton Norcross', '埃罗尔·桑德']",https://img1.doubanio.com/view/photo/s_ratio_poster/public/p2047189818.jpg,24867928,709
['田曦'],,770,0,我生命中的八天,https://movie.douban.com/subject/10543730/,['黄翀'],https://img3.doubanio.com/view/photo/s_ratio_poster/public/p2567186476.jpg,10543730,1080
['Rick Drew'],,98,0,烈火焚城,https://movie.douban.com/subject/2142428/,"['Ron Robinson', 'Trevor Addie', '胡安·卡洛斯·韦利斯', '大卫·昆兰', 'Ryan McDonell']",https://img3.doubanio.com/view/subject/l/public/s2591740.jpg,2142428,140
['托尼·兰德尔'],,400,0,巨蟒出击,https://movie.douban.com/subject/1297776/,"['比比·贝什', '埃德·劳特尔', '黛安娜·德拉诺', '莫妮卡·克雷尔', 'Michael Galeota']",https://img3.doubanio.com/view/photo/s_ratio_poster/public/p2518156201.jpg,1297776,739
['董天娇'],,1800,0,求生之路：冲出禁区,https://movie.douban.com/subject/27202804/,"['Drago Lazetich', '李查德']",https://img3.doubanio.com/view/photo/s_ratio_poster/public/p2505556025.jpg,27202804,2360
['陈逸风'],,411,0,暴雨,https://movie.douban.com/subject/24748872/,['陈逸风'],https://img3.doubanio.com/view/photo/s_ratio_poster/public/p2002929026.jpg,24748872,484
['王新生'],,536,0,生死大营救,https://movie.douban.com/subject/25918720/,['曲国强'],https://img3.doubanio.com/view/photo/s_ratio_poster/public/p2550203093.jpg,25918720,720
['Sabrina Mansfield'],,1024,0,The Shadows,https://movie.douban.com/subject/6892519/,"['Alan Collett', 'Vas Andreas', 'Nalita Murray', ""Elizabeth O'Brick""]",https://img3.doubanio.com/view/photo/s_ratio_poster/public/p2250804804.jpg,6892519,787
['大狸子'],,440,0,绑架王公子2,https://movie.douban.com/subject/26745208/,"['王思聪', '大狸子']",https://img3.doubanio.com/view/photo/s_ratio_poster/public/p2324520330.jpg,26745208,697
"['舒广袖', '曾伏虎']",,1312,0,火车站,https://movie.douban.com/subject/26766210/,[],https://img1.doubanio.com/view/photo/s_ratio_poster/public/p2531573228.jpg,26766210,1600
['New Blood Entertainment'],,300,0,The Expedition,https://movie.douban.com/subject/6892499/,['Expedition'],https://img3.doubanio.com/view/subject/l/public/s6969760.jpg,6892499,300
['Neil Johnson'],,400,0,To Become One,https://movie.douban.com/subject/6893902/,"['David Vallon', 'Emma Grasso', 'Spencer Slasberg,', 'Col Elliott']",https://img3.doubanio.com/view/photo/s_ratio_poster/public/p2518154644.jpg,6893902,565
['郭南宏'],,450,0,陈益兴老师,https://movie.douban.com/subject/5262081/,"['陈秋燕', '慕思成', '英英', '易原']",https://img3.doubanio.com/view/photo/s_ratio_poster/public/p2297201120.jpg,5262081,662
['Brian Trenchard-Smith'],,150,0,决战加勒比,https://movie.douban.com/subject/3288773/,"['梅洛迪·托马斯·斯科特', '大卫米伯尔尼', '杰西卡·斯汀', '拉尔夫·莫勒', '洛伦佐·拉马斯']",https://img1.doubanio.com/view/subject/l/public/s3350797.jpg,3288773,212
['阿曼德·马斯楚安尼'],,333,0,夺命747,https://movie.douban.com/subject/5084169/,"['马克·李', '瑞切尔·布莱克', 'Helen Thomson', 'Jack Wagner', '詹姆斯·希金']",https://img3.doubanio.com/view/subject/l/public/s8897493.jpg,5084169,475
['赵世尧'],,1800,0,储灵空间,https://movie.douban.com/subject/30177048/,['杨贵发'],https://img3.doubanio.com/view/photo/s_ratio_poster/public/p2526874356.jpg,30177048,2360
['尼克·里昂'],,684,0,冲击波,https://movie.douban.com/subject/27154607/,"['斯塔西·奥里斯塔诺', '布鲁斯·托马斯', '泰勒·佩雷斯', '摩根·林霍尔姆', '迈克·卡波齐']",https://img3.doubanio.com/view/photo/s_ratio_poster/public/p2512355153.jpg,27154607,1000
['Christopher Alan Broadstone'],,450,0,3 Dead Girls!,https://movie.douban.com/subject/6970642/,"['Tony Simmons', 'Lora Martinez-Cunningham', 'Gabriel Sigal']",https://img3.doubanio.com/view/subject/l/public/s6990502.jpg,6970642,638
['渡边文树'],,600,0,御巢鹰山,https://movie.douban.com/subject/25927997/,['渡边文树'],https://img3.doubanio.com/view/photo/s_ratio_poster/public/p2191524373.jpg,25927997,800
['Marco Spitoni'],,480,0,The Hunt,https://movie.douban.com/subject/6001040/,[],https://img3.doubanio.com/view/photo/s_ratio_poster/public/p1657684731.jpg,6001040,400
['Maksim Dyachuk'],,400,0,孢子,https://movie.douban.com/subject/26632124/,"['Elena Sherbakova', 'Leonid Gusarov', 'Vladimir Kokin']",https://img3.doubanio.com/view/photo/s_ratio_poster/public/p2304411745.jpg,26632124,560
['王冰河'],,,0,隔离日,https://movie.douban.com/subject/19997825/,"['高明', '储智博', '王静', '严敏裘', '李琳']",https://img3.doubanio.com/f/movie/30c6263b6db26d055cbbe73fe653e29014142ea3/pics/movie/movie_default_large.png,19997825,
['周玉鹏'],,448,0,草原母亲,https://movie.douban.com/subject/6506089/,"['李克乃', '方晓莉']",https://img3.doubanio.com/view/photo/s_ratio_poster/public/p2534553692.jpg,6506089,672
"['李海准', '金丙书']",,,0,白头山,https://movie.douban.com/subject/30200087/,"['河正宇', '李秉宪', '马东锡']",https://img3.doubanio.com/f/movie/30c6263b6db26d055cbbe73fe653e29014142ea3/pics/movie/movie_default_large.png,30200087,
['保罗·安德森'],,1294,0,怪物猎人,https://movie.douban.com/subject/26920285/,"['米拉·乔沃维奇', 'T.I.', '朗·普尔曼', '托尼·贾', '迪耶戈·博内塔']",https://img1.doubanio.com/view/photo/s_ratio_poster/public/p2537887268.jpg,26920285,2048
['蒋磊'],,770,0,末世少女战江湖,https://movie.douban.com/subject/30353485/,['解文颖'],https://img3.doubanio.com/view/photo/s_ratio_poster/public/p2543450195.jpg,30353485,1080
['王浩宇'],,439,0,岭城兄弟之9413,https://movie.douban.com/subject/27176756/,"['于利', '赵本六', '王浩宇']",https://img3.doubanio.com/view/photo/s_ratio_poster/public/p2502668386.jpg,27176756,600
['王冰河'],,636,0,生死一线,https://movie.douban.com/subject/25892807/,"['周易华', '林秀强']",https://img3.doubanio.com/view/photo/s_ratio_poster/public/p2397989885.jpg,25892807,422
['Khalid Mohamed'],,600,0,救赎,https://movie.douban.com/subject/5907538/,"['贾雅·巴杜里', '卡瑞诗玛·卡普尔', '赫里尼克·罗斯汉', '爱莎·考佩卡', 'Dinesh Thakur']",https://img3.doubanio.com/view/photo/s_ratio_poster/public/p2157822912.jpg,5907538,900
['Robert Michael Lewis'],,659,0,波托马克河上悲剧,https://movie.douban.com/subject/5049363/,"['珍内塔·阿尔内特', '巴里·柯宾', '史蒂芬·马赫特', '黛娜·马诺夫', '理查德·马苏尔']",https://img1.doubanio.com/view/photo/s_ratio_poster/public/p2220721899.jpg,5049363,884
[],,,0,天津大爆炸,https://movie.douban.com/subject/30207955/,[],https://img3.doubanio.com/f/movie/30c6263b6db26d055cbbe73fe653e29014142ea3/pics/movie/movie_default_large.png,30207955,
"['曾伏虎', '肛门の痒']",,960,0,转塘工人访谈录,https://movie.douban.com/subject/26766209/,[],https://img1.doubanio.com/view/photo/s_ratio_poster/public/p2329108518.jpg,26766209,1300
['Surachai Sangargart'],,400,0,蝙蝠屠城,https://movie.douban.com/subject/25995026/,"['Surachai Sangargart', 'Amittada Chinsamret']",https://img3.doubanio.com/view/photo/s_ratio_poster/public/p2449849693.jpg,25995026,472
['严高山'],,350,0,至爱,https://movie.douban.com/subject/19971640/,"['依克桑.塔依尔', '阿布都拉热依木.买曼提']",https://img3.doubanio.com/view/subject/l/public/s22713093.jpg,19971640,500
['特里·英格拉姆'],,142,0,纽约大地震,https://movie.douban.com/subject/1307460/,"['格雷格·艾维甘', '梅丽莎·苏·安德森', '辛西娅·吉布', '迈克尔·莫里亚蒂', '迈克尔·萨拉兹']",https://img3.doubanio.com/view/subject/l/public/s2974292.jpg,1307460,200
['Gaspar Palacio'],,600,0,我就是世界末日,https://movie.douban.com/subject/27611561/,['埃里克·巴比尔'],https://img3.doubanio.com/view/photo/s_ratio_poster/public/p2508413906.jpg,27611561,1000
['Kent Sobey'],,750,0,SOS: Save Our Skins,https://movie.douban.com/subject/26741656/,"['Sonny Adegboruwa', 'Tom Bolton', 'Michael Chwastiak']",https://img3.doubanio.com/view/photo/s_ratio_poster/public/p2503745051.jpg,26741656,999
['李子俊'],,684,0,逆火英雄,https://movie.douban.com/subject/27125426/,[],https://img1.doubanio.com/view/photo/s_ratio_poster/public/p2516854929.jpg,27125426,960
"['Eric Paul Erickson', 'Jon Kondelik']",,713,0,冰封启示录,https://movie.douban.com/subject/34676470/,"['劳伦·埃斯波西托', 'Eric Paul Erickson', '珍妮弗·李']",https://img3.doubanio.com/view/photo/s_ratio_poster/public/p2563738355.jpg,34676470,1000
['Vasili Sigarev'],,679,0,僵尸启示录,https://movie.douban.com/subject/27169621/,"['Яна Троянова', 'Виталия Корниенко', 'Иван Титяев']",https://img3.doubanio.com/view/photo/s_ratio_poster/public/p2501794201.jpg,27169621,1000
['Andy Webb'],,,0,空中浩劫 特辑,https://movie.douban.com/subject/34676812/,['罗伯托·阿尔瓦雷斯'],https://img3.doubanio.com/f/movie/30c6263b6db26d055cbbe73fe653e29014142ea3/pics/movie/movie_default_large.png,34676812,
['梁明'],,,0,警报157,https://movie.douban.com/subject/10467750/,"['刘广楠', '高峰', '周莉', '李健']",https://img3.doubanio.com/f/movie/30c6263b6db26d055cbbe73fe653e29014142ea3/pics/movie/movie_default_large.png,10467750,
['Uwe Frießner'],,,0,紧急迫降,https://movie.douban.com/subject/26754633/,['安德烈·赫尼克'],https://img3.doubanio.com/f/movie/30c6263b6db26d055cbbe73fe653e29014142ea3/pics/movie/movie_default_large.png,26754633,
['冯小宁'],,,0,大风警报,https://movie.douban.com/subject/26747850/,['吴京安'],https://img3.doubanio.com/f/movie/30c6263b6db26d055cbbe73fe653e29014142ea3/pics/movie/movie_default_large.png,26747850,
[],,,0,Rider's on the Storm,https://movie.douban.com/subject/3445904/,[],https://img3.doubanio.com/f/movie/30c6263b6db26d055cbbe73fe653e29014142ea3/pics/movie/movie_default_large.png,3445904,
[],,,0,IQ 83,https://movie.douban.com/subject/3003840/,['史蒂夫·卡瑞尔'],https://img3.doubanio.com/f/movie/30c6263b6db26d055cbbe73fe653e29014142ea3/pics/movie/movie_default_large.png,3003840,
['孙瑜'],,,0,末日之战,https://movie.douban.com/subject/30408581/,['白洁'],https://img3.doubanio.com/f/movie/30c6263b6db26d055cbbe73fe653e29014142ea3/pics/movie/movie_default_large.png,30408581,
['吴篾'],,456,0,海虎,https://movie.douban.com/subject/26928526/,[],https://img1.doubanio.com/view/photo/s_ratio_poster/public/p2552758177.jpg,26928526,642
['汪英杰'],,811,0,末世生化·入侵,https://movie.douban.com/subject/26868548/,['周清垠'],https://img3.doubanio.com/view/photo/s_ratio_poster/public/p2378155631.jpg,26868548,1280
['Sebastian Vigg'],,515,0,匿影,https://movie.douban.com/subject/26675363/,"['安-卡特琳·卡马', '罗夫·凯尼斯']",https://img3.doubanio.com/view/photo/s_ratio_poster/public/p2289962885.jpg,26675363,733
['何志超'],,,0,赌祸,https://movie.douban.com/subject/25884742/,['何志超'],https://img3.doubanio.com/f/movie/30c6263b6db26d055cbbe73fe653e29014142ea3/pics/movie/movie_default_large.png,25884742,
['厄尔·贝拉米'],,500,0,大洪水,https://movie.douban.com/subject/1295042/,"['罗伯特·考普', '芭芭拉·赫希', '理查德·贝斯哈特', '卡洛尔·琳蕾', '罗迪·麦克道尔']",https://img3.doubanio.com/view/photo/s_ratio_poster/public/p2423121261.jpg,1295042,709
[],,,0,未定名釜山行美版,https://movie.douban.com/subject/33415778/,[],https://img3.doubanio.com/f/movie/30c6263b6db26d055cbbe73fe653e29014142ea3/pics/movie/movie_default_large.png,33415778,
['姜海'],,400,0,代号：新大陆,https://movie.douban.com/subject/33371843/,"['林伟', '王明杰', '陈明']",https://img3.doubanio.com/view/photo/s_ratio_poster/public/p2551692552.jpg,33371843,533
['郝平'],,1616,0,极震区,https://movie.douban.com/subject/30312180/,"['邵兵', '余少群', '萨顶顶', '多布杰', '赵毅']",https://img1.doubanio.com/view/photo/s_ratio_poster/public/p2551359857.jpg,30312180,2395
['洛奇'],,2628,0,地藏龙之神农巨兽,https://movie.douban.com/subject/33400353/,"['张博楠', '赵帅', '松冈李那', '冯伟强', '西门口']",https://img3.doubanio.com/view/photo/s_ratio_poster/public/p2553019516.jpg,33400353,1478
[],,,0,覆城危机,https://movie.douban.com/subject/30206446/,[],https://img3.doubanio.com/f/movie/30c6263b6db26d055cbbe73fe653e29014142ea3/pics/movie/movie_default_large.png,30206446,
['Tom Waller'],,700,0,洞穴,https://movie.douban.com/subject/34816911/,['Jim WARNY'],https://img1.doubanio.com/view/photo/s_ratio_poster/public/p2568035828.jpg,34816911,1000
[],,,0,菜鸟特工,https://movie.douban.com/subject/27097928/,[],https://img3.doubanio.com/f/movie/30c6263b6db26d055cbbe73fe653e29014142ea3/pics/movie/movie_default_large.png,27097928,
[],,,0,灾难史：切尔诺贝利失落的世界,https://movie.douban.com/subject/25923558/,[],https://img3.doubanio.com/f/movie/30c6263b6db26d055cbbe73fe653e29014142ea3/pics/movie/movie_default_large.png,25923558,
['贺梦凡'],,770,0,希望家园,https://movie.douban.com/subject/30258795/,"['王峰', '曾令', '葛平', '付以琳', '袁慧敏']",https://img3.doubanio.com/view/photo/s_ratio_poster/public/p2532809813.jpg,30258795,1080
['Monty Tiwa'],,270,0,Pocong 3,https://movie.douban.com/subject/6960920/,"['Francine Roosenda', 'Darius Sinathrya', 'Gary M. Iskak']",https://img3.doubanio.com/view/subject/l/public/s6985461.jpg,6960920,398
['Rudy Soedjarwo'],,300,0,Pocong 2,https://movie.douban.com/subject/6960929/,"['Revalina S. Temat', 'Ringgo Agus Rahman', 'Henidar Amroe']",https://img1.doubanio.com/view/subject/l/public/s6985459.jpg,6960929,395
['赵耀林'],,550,0,绿色婚礼,https://movie.douban.com/subject/34440222/,"['李小冉', '佟大为', '王长林', '洪卫']",https://img3.doubanio.com/view/photo/s_ratio_poster/public/p2560273266.jpg,34440222,750
['Mark Sobel'],,400,0,冰原空难,https://movie.douban.com/subject/1306652/,"['理查德·查伯兰', '凯瑟琳·玛丽·斯图尔特', 'Brian Jensen', 'Karen Gartner', '梅勒妮·梅隆']",https://img3.doubanio.com/view/photo/s_ratio_poster/public/p2526972730.jpg,1306652,736
['曾伏虎'],,1200,0,再去一次开元年,https://movie.douban.com/subject/26687554/,[],https://img3.doubanio.com/view/photo/s_ratio_poster/public/p2296121173.jpg,26687554,1680
['卢佩西·保罗'],,,0,消失行动,https://movie.douban.com/subject/26375992/,"['纳瓦祖丁·席迪圭', '维杰·卡沙尔', '阿明·阿卜杜勒·奎德', '阿克夏耶·坎纳', '沙尤尼·古普塔']",https://img3.doubanio.com/f/movie/30c6263b6db26d055cbbe73fe653e29014142ea3/pics/movie/movie_default_large.png,26375992,
['Chris Taylor'],,600,0,独自拯救,https://movie.douban.com/subject/25728000/,['戴米恩·路易斯'],https://img3.doubanio.com/view/photo/s_ratio_poster/public/p2139369220.jpg,25728000,849
['金志勋'],,752,0,水洞,https://movie.douban.com/subject/33446375/,"['车胜元', '金成钧', '李光洙', '南多凛', '高昌锡']",https://img3.doubanio.com/view/photo/s_ratio_poster/public/p2569121802.jpg,33446375,500
['朱林森'],,900,0,怒海救援,https://movie.douban.com/subject/34803167/,"['张殿伦', '杜雨宸', '郑恺', '李光复', '马小茜']",https://img3.doubanio.com/view/photo/s_ratio_poster/public/p2566620102.jpg,34803167,1333
['吴叶彬'],,694,0,龙口逃生,https://movie.douban.com/subject/34607479/,"['陈升卫', '林千雯']",https://img1.doubanio.com/view/photo/s_ratio_poster/public/p2562934429.jpg,34607479,1080
[],,4000,0,发热的春天,https://movie.douban.com/subject/33441875/,[],https://img3.doubanio.com/view/photo/s_ratio_poster/public/p2555942400.jpg,33441875,2667
['李炳'],,,0,鼠王,https://movie.douban.com/subject/30426927/,"['赵茜', '董岩磊', '张婕', '任金勇', '钱大伟']",https://img3.doubanio.com/f/movie/30c6263b6db26d055cbbe73fe653e29014142ea3/pics/movie/movie_default_large.png,30426927,
['陆剑青'],,,0,异兽围城,https://movie.douban.com/subject/27072741/,[],https://img3.doubanio.com/f/movie/30c6263b6db26d055cbbe73fe653e29014142ea3/pics/movie/movie_default_large.png,27072741,
['苗金仓'],,1800,0,荒岛求生之巨兽来袭,https://movie.douban.com/subject/34839298/,"['张已桂', '王品一']",https://img3.doubanio.com/view/photo/s_ratio_poster/public/p2569487802.jpg,34839298,2360
[],,,0,仰望天空,https://movie.douban.com/subject/25978452/,[],https://img3.doubanio.com/f/movie/30c6263b6db26d055cbbe73fe653e29014142ea3/pics/movie/movie_default_large.png,25978452,
['Валерий Булатов'],,1493,0,红石的秘密,https://movie.douban.com/subject/34807419/,"['Валерий Кошелев', 'Синиьга Ванчугова', 'Андрей Пегов', 'Олег Новиков', 'Елена Тогонова']",https://img1.doubanio.com/view/photo/s_ratio_poster/public/p2567244759.jpg,34807419,2160
['曲江涛'],,,0,雪途,https://movie.douban.com/subject/27666672/,['马国芯'],https://img3.doubanio.com/f/movie/30c6263b6db26d055cbbe73fe653e29014142ea3/pics/movie/movie_default_large.png,27666672,
['汪金义'],,1198,0,十年遥望,https://movie.douban.com/subject/26575093/,"['欧阳兆丰', '肖阳', '路远征']",https://img3.doubanio.com/view/photo/s_ratio_poster/public/p2257445821.jpg,26575093,1280
[],,,0,先に言っとくが、逃げようなんて気を起こすな。,https://movie.douban.com/subject/26656563/,[],https://img3.doubanio.com/f/movie/30c6263b6db26d055cbbe73fe653e29014142ea3/pics/movie/movie_default_large.png,26656563,
[],,,0,ふたのないマ,https://movie.douban.com/subject/26656558/,[],https://img3.doubanio.com/f/movie/30c6263b6db26d055cbbe73fe653e29014142ea3/pics/movie/movie_default_large.png,26656558,
['Neil Hollander'],,473,0,海鬼,https://movie.douban.com/subject/5182242/,"['斯泰西·基齐', '夏洛特·德·特汉姆']",https://img3.doubanio.com/view/photo/s_ratio_poster/public/p2448625810.jpg,5182242,706
['Андрій Жолдак'],,,0,"Вистава ""Не боюся сірого вовка""",https://movie.douban.com/subject/26815128/,"['Богдан Ступка', 'Ада Роговцева', 'Богдан Бенюк та ін']",https://img3.doubanio.com/f/movie/30c6263b6db26d055cbbe73fe653e29014142ea3/pics/movie/movie_default_large.png,26815128,
['Georg Fenady'],,500,0,Cave In!,https://movie.douban.com/subject/5049997/,"['丹尼斯·科尔', '苏珊·沙利文', '莱斯利·尼尔森', '朱丽叶·索玛斯', '詹姆斯·奥尔森']",https://img3.doubanio.com/view/photo/s_ratio_poster/public/p2423131171.jpg,5049997,709
['Georg Fenady'],,500,0,The Night the Bridge Fell Down,https://movie.douban.com/subject/5049786/,"['詹姆斯·迈克阿瑟', '小德思·阿纳兹', '莱斯利·尼尔森', '芭芭拉·拉什', '弗朗辛·约克']",https://img3.doubanio.com/view/photo/s_ratio_poster/public/p2423130520.jpg,5049786,709
['Georg Fenady'],,500,0,Hanging by a Thread,https://movie.douban.com/subject/5051929/,"['帕蒂·杜克', 'Joyce Bulifant', '伯特·康威', '唐娜·米尔斯', '卡梅隆·米切尔']",https://img3.doubanio.com/view/photo/s_ratio_poster/public/p2423130705.jpg,5051929,709
['William Berke'],,520,0,Operation Haylift,https://movie.douban.com/subject/26815524/,['比尔·威廉姆斯'],https://img1.doubanio.com/view/photo/s_ratio_poster/public/p2448218808.jpg,26815524,803
['赵一亨'],,,0,独行,https://movie.douban.com/subject/34462775/,"['刘亚仁', '朴信惠']",https://img3.doubanio.com/f/movie/30c6263b6db26d055cbbe73fe653e29014142ea3/pics/movie/movie_default_large.png,34462775,
['麦克·鲍力施'],,,0,自然之力,https://movie.douban.com/subject/33441957/,"['梅尔·吉布森', '埃米尔·赫斯基', '凯特·波茨沃斯', '大卫·札亚斯', '斯温·特梅尔']",https://img3.doubanio.com/f/movie/30c6263b6db26d055cbbe73fe653e29014142ea3/pics/movie/movie_default_large.png,33441957,
['里克·罗曼·沃夫'],,,0,Greeland,https://movie.douban.com/subject/33402009/,"['凯文·哈特', '杰拉德·巴特勒']",https://img3.doubanio.com/f/movie/30c6263b6db26d055cbbe73fe653e29014142ea3/pics/movie/movie_default_large.png,33402009,
